"","x"
"1","B-PA_748_aligned_1_R_0_373_0"
"2","B-PA_1000_aligned_10_F_0_360_0"
"3","B-NA_668_aligned_18_F_0_132_0"
"4","B-HA_192_aligned_26_F_0_404_0"
"5","B-HA_443_aligned_34_R_0_251_0"
"6","B-MP_435_aligned_42_F_0_201_0"
"7","B-PB2_660_aligned_50_F_0_315_0"
"8","B-PA_1075_aligned_58_F_0_368_0"
"9","B-NS_521_aligned_66_F_0_152_0"
"10","B-PB2_93_aligned_74_R_0_306_0"
"11","B-PB1_939_aligned_82_F_0_280_0"
"12","B-PA_66_aligned_90_R_0_217_0"
"13","B-HA_302_aligned_98_F_0_252_0"
"14","B-PA_231_aligned_106_F_0_186_0"
"15","B-PB2_490_aligned_114_F_0_264_0"
"16","B-NP_1187_aligned_122_R_0_248_0"
"17","B-PA_1537_aligned_130_R_0_314_0"
"18","B-PB1_1662_aligned_138_F_0_125_0"
"19","B-HA_512_aligned_145_R_0_177_0"
"20","B-PB2_748_aligned_153_F_0_330_0"
"21","B-PB1_556_aligned_160_R_0_120_0"
"22","B-NS_300_aligned_171_R_0_362_0"
"23","B-NP_630_aligned_178_R_0_289_0"
"24","B-NP_1125_aligned_186_R_0_198_0"
"25","B-PB2_335_aligned_194_F_0_159_0"
"26","B-PA_1682_aligned_202_F_0_219_0"
"27","B-NP_877_aligned_209_F_0_143_0"
"28","B-NA_592_aligned_218_R_0_306_0"
"29","B-NP_369_aligned_226_R_0_245_0"
"30","B-NP_364_aligned_235_F_0_285_0"
"31","B-NS_665_aligned_243_R_0_278_0"
"32","B-PA_1612_aligned_251_R_0_226_0"
"33","B-MP_286_aligned_258_F_0_387_0"
"34","B-NA_863_aligned_266_F_0_288_0"
"35","B-PB1_1242_aligned_273_R_0_260_0"
"36","B-NA_1132_aligned_282_F_0_273_0"
"37","B-PB1_1067_aligned_289_F_0_124_0"
"38","B-PB1_1024_aligned_296_F_0_125_0"
"39","B-PA_576_aligned_303_R_0_276_0"
"40","B-MP_831_aligned_311_R_0_228_0"
"41","B-PB2_1526_aligned_317_F_0_235_0"
"42","B-PB1_1288_aligned_325_R_0_123_0"
"43","B-PB2_520_aligned_332_R_0_387_0"
"44","B-PB2_1979_aligned_343_F_0_289_0"
"45","B-PA_520_aligned_354_R_0_362_0"
"46","B-PB2_1061_aligned_362_R_0_164_0"
"47","B-NA_1008_aligned_370_R_0_207_0"
"48","B-HA_566_aligned_378_R_0_301_0"
"49","B-NP_748_aligned_386_F_0_147_0"
"50","B-PA_1246_aligned_394_F_0_210_0"
"51","B-NS_245_aligned_404_F_0_155_0"
"52","B-PB2_472_aligned_413_F_0_294_0"
"53","B-PB2_1662_aligned_423_R_0_347_0"
"54","B-HA_992_aligned_431_R_0_327_0"
"55","B-HA_1420_aligned_438_R_0_298_0"
"56","B-HA_226_aligned_446_F_0_200_0"
"57","B-PB2_1954_aligned_453_R_0_226_0"
"58","B-PB2_81_aligned_460_R_0_218_0"
"59","B-PA_1821_aligned_468_R_0_344_0"
"60","B-HA_695_aligned_478_F_0_395_0"
"61","B-PA_1808_aligned_486_R_0_202_0"
"62","B-NS_629_aligned_494_R_0_214_0"
"63","B-PA_1332_aligned_502_F_0_360_0"
"64","B-PB1_657_aligned_509_F_0_355_0"
"65","B-NP_861_aligned_517_R_0_216_0"
"66","B-MP_791_aligned_524_F_0_228_0"
"67","B-NA_549_aligned_532_F_0_312_0"
"68","B-PB2_787_aligned_541_F_0_399_0"
"69","B-NA_308_aligned_549_R_0_299_0"
"70","B-NS_840_aligned_556_F_0_178_0"
"71","B-PB1_758_aligned_563_F_0_263_0"
"72","B-PB1_1067_aligned_572_F_0_358_0"
"73","B-PB2_394_aligned_582_R_0_148_0"
"74","B-PA_251_aligned_591_R_0_334_0"
"75","B-NS_235_aligned_597_R_0_229_0"
"76","B-NS_226_aligned_605_F_0_292_0"
"77","B-PB2_1761_aligned_619_R_0_193_0"
"78","B-MP_796_aligned_627_F_0_323_0"
"79","B-PB1_1211_aligned_634_F_0_319_0"
"80","B-PB1_1063_aligned_642_F_0_224_0"
"81","B-MP_719_aligned_649_F_0_224_0"
"82","B-PA_751_aligned_655_F_0_126_0"
"83","B-PB1_326_aligned_663_R_0_346_0"
"84","B-NP_1240_aligned_671_R_0_91_0"
"85","B-PA_1359_aligned_679_F_0_281_0"
"86","B-HA_676_aligned_686_R_0_203_0"
"87","B-HA_53_aligned_693_R_0_181_0"
"88","B-NP_15_aligned_702_F_0_381_0"
"89","B-MP_769_aligned_714_R_0_369_0"
"90","B-PB2_840_aligned_724_R_0_201_0"
"91","B-HA_1023_aligned_732_F_0_323_0"
"92","B-PA_2063_aligned_739_F_0_81_0"
"93","B-NP_1332_aligned_747_R_0_241_0"
"94","B-PA_830_aligned_754_F_0_303_0"
"95","B-PB1_1714_aligned_763_F_0_239_0"
"96","B-PB2_494_aligned_769_F_0_154_0"
"97","B-NA_13_aligned_776_F_0_320_0"
"98","B-PA_233_aligned_783_R_0_331_0"
"99","B-NP_831_aligned_791_R_0_207_0"
"100","B-PB1_276_aligned_799_F_0_170_0"
"101","B-NP_674_aligned_806_F_0_277_0"
"102","B-NP_944_aligned_819_R_0_302_0"
"103","B-NP_28_aligned_827_R_0_305_0"
"104","B-PB2_1644_aligned_833_F_0_385_0"
"105","B-PA_23_aligned_840_R_0_270_0"
"106","B-NA_808_aligned_849_F_0_340_0"
"107","B-HA_1282_aligned_855_F_0_183_0"
"108","B-MP_69_aligned_863_F_0_185_0"
"109","B-HA_33_aligned_876_F_0_288_0"
"110","B-PB2_1733_aligned_882_F_0_409_0"
"111","B-PA_5_aligned_890_F_0_251_0"
"112","B-HA_103_aligned_903_R_0_270_0"
"113","B-PA_1091_aligned_910_F_0_325_0"
"114","B-NA_50_aligned_919_R_0_343_0"
"115","B-PA_506_aligned_927_F_0_230_0"
"116","B-MP_235_aligned_936_F_0_339_0"
"117","B-PB2_1095_aligned_944_R_0_193_0"
"118","B-PA_247_aligned_952_F_0_308_0"
"119","B-PB2_1513_aligned_961_F_0_202_0"
"120","B-PA_1180_aligned_968_F_0_222_0"
"121","B-PB1_901_aligned_977_F_0_322_0"
"122","B-HA_1146_aligned_984_F_0_354_0"
"123","B-HA_1071_aligned_991_F_0_338_0"
"124","B-PB1_1783_aligned_999_R_0_272_0"
"125","B-NP_68_aligned_1007_R_0_270_0"
"126","B-NP_301_aligned_1016_F_0_265_0"
"127","B-MP_848_aligned_1021_F_0_193_0"
"128","B-NA_364_aligned_1028_F_0_192_0"
"129","B-HA_287_aligned_1035_R_0_174_0"
"130","B-NP_1478_aligned_1042_F_0_194_0"
"131","B-PA_27_aligned_1051_F_0_286_0"
"132","B-PA_595_aligned_1060_F_0_246_0"
"133","B-MP_535_aligned_1068_R_0_113_0"
"134","B-PA_1399_aligned_1074_F_0_290_0"
"135","B-PB1_310_aligned_1085_R_0_266_0"
"136","B-NS_116_aligned_1092_F_0_317_0"
"137","B-MP_699_aligned_1100_R_0_229_0"
"138","B-MP_375_aligned_1108_R_0_246_0"
"139","B-NA_997_aligned_1116_F_0_223_0"
"140","B-PB1_117_aligned_1123_R_0_184_0"
"141","B-PA_1252_aligned_1131_F_0_305_0"
"142","B-MP_279_aligned_1140_R_0_319_0"
"143","B-NS_389_aligned_1147_F_0_221_0"
"144","B-NP_993_aligned_1153_F_0_255_0"
"145","B-NP_1365_aligned_1161_F_0_200_0"
"146","B-MP_4_aligned_1169_F_0_174_0"
"147","B-HA_952_aligned_1176_R_0_210_0"
"148","B-PB1_476_aligned_1183_R_0_166_0"
"149","B-HA_55_aligned_1190_F_0_391_0"
"150","B-PA_2056_aligned_1198_R_0_124_0"
"151","B-HA_281_aligned_1208_F_0_144_0"
"152","B-NS_115_aligned_1215_R_0_157_0"
"153","B-PB2_771_aligned_1223_F_0_244_0"
"154","B-PB1_433_aligned_1231_R_0_303_0"
"155","B-PB2_738_aligned_1240_R_0_400_0"
"156","B-PB1_1302_aligned_1249_R_0_210_0"
"157","B-NA_521_aligned_1256_R_0_118_0"
"158","B-PA_160_aligned_1264_R_0_269_0"
"159","B-NP_755_aligned_1273_F_0_254_0"
"160","B-HA_284_aligned_1281_R_0_255_0"
"161","B-PB2_1651_aligned_1288_F_0_282_0"
"162","B-NS_600_aligned_1296_R_0_361_0"
"163","B-PB1_1369_aligned_1304_R_0_306_0"
"164","B-NA_36_aligned_1312_R_0_395_0"
"165","B-MP_113_aligned_1322_F_0_384_0"
"166","B-PB2_443_aligned_1330_F_0_332_0"
"167","B-NP_446_aligned_1338_R_0_126_0"
"168","B-NP_1317_aligned_1346_R_0_205_0"
"169","B-HA_946_aligned_1354_F_0_319_0"
"170","B-NP_970_aligned_1362_F_0_343_0"
"171","B-MP_881_aligned_1370_R_0_133_0"
"172","B-HA_1286_aligned_1378_F_0_219_0"
"173","B-PA_66_aligned_1387_F_0_277_0"
"174","B-PB1_1134_aligned_1395_F_0_150_0"
"175","B-NS_526_aligned_1401_R_0_236_0"
"176","B-PB1_1010_aligned_1409_R_0_380_0"
"177","B-PA_419_aligned_1417_F_0_190_0"
"178","B-MP_10_aligned_1425_F_0_346_0"
"179","B-PA_317_aligned_1433_F_0_135_0"
"180","B-PB2_812_aligned_1442_R_0_378_0"
"181","B-PB1_55_aligned_1450_F_0_235_0"
"182","B-HA_686_aligned_1458_F_0_99_0"
"183","B-PB1_518_aligned_1466_F_0_318_0"
"184","B-NP_1196_aligned_1474_F_0_127_0"
"185","B-PB1_451_aligned_1481_R_0_185_0"
"186","B-HA_1419_aligned_1489_F_0_317_0"
"187","B-PB1_1257_aligned_1498_F_0_379_0"
"188","B-NS_358_aligned_1506_R_0_303_0"
"189","B-NP_299_aligned_1513_F_0_325_0"
"190","B-HA_861_aligned_1522_R_0_369_0"
"191","B-PB2_1192_aligned_1530_R_0_386_0"
"192","B-PB1_292_aligned_1538_R_0_172_0"
"193","B-PB2_1954_aligned_1546_R_0_185_0"
"194","B-NP_1435_aligned_1554_F_0_191_0"
"195","B-PB2_273_aligned_1563_R_0_318_0"
"196","B-NA_27_aligned_1571_F_0_160_0"
"197","B-NA_1047_aligned_1578_R_0_239_0"
"198","B-NP_997_aligned_1586_R_0_294_0"
"199","B-HA_394_aligned_1596_F_0_124_0"
"200","B-PB1_1198_aligned_1604_F_0_387_0"
"201","B-PB1_900_aligned_1612_R_0_383_0"
"202","B-HA_975_aligned_1620_F_0_138_0"
"203","B-NP_768_aligned_1628_F_0_323_0"
"204","B-PB1_1424_aligned_1636_R_0_394_0"
"205","B-HA_1547_aligned_1644_R_0_169_0"
"206","B-PB1_529_aligned_1652_R_0_323_0"
"207","B-NS_531_aligned_1660_F_0_297_0"
"208","B-HA_664_aligned_1668_F_0_331_0"
"209","B-NS_594_aligned_1677_F_0_177_0"
"210","B-PB2_438_aligned_1685_R_0_144_0"
"211","B-PB1_187_aligned_1692_F_0_279_0"
"212","B-NS_104_aligned_1699_R_0_249_0"
"213","B-MP_292_aligned_1707_F_0_293_0"
"214","B-NP_527_aligned_1714_F_0_262_0"
"215","B-PB1_1342_aligned_1722_F_0_316_0"
"216","B-PB2_470_aligned_1730_R_0_260_0"
"217","B-PB2_1437_aligned_1736_F_0_130_0"
"218","B-PB1_1471_aligned_1743_F_0_241_0"
"219","B-NP_1395_aligned_1752_F_0_264_0"
"220","B-PB1_1977_aligned_1763_F_0_222_0"
"221","B-MP_440_aligned_1770_R_0_177_0"
"222","B-NP_157_aligned_1778_R_0_150_0"
"223","B-PB2_525_aligned_1786_R_0_293_0"
"224","B-NA_1209_aligned_1794_F_0_88_0"
"225","B-PA_1156_aligned_1803_F_0_170_0"
"226","B-NP_702_aligned_1811_R_0_334_0"
"227","B-PB1_1571_aligned_1820_R_0_389_0"
"228","B-PA_12_aligned_1828_F_0_246_0"
"229","B-PB1_1160_aligned_1835_F_0_135_0"
"230","B-PB1_1479_aligned_1842_F_0_234_0"
"231","B-NA_570_aligned_1848_F_0_123_0"
"232","B-PB1_1058_aligned_1856_F_0_146_0"
"233","B-PB2_946_aligned_1862_R_0_346_0"
"234","B-NP_202_aligned_1868_R_0_368_0"
"235","B-NS_763_aligned_1875_R_0_196_0"
"236","B-HA_349_aligned_1891_F_0_366_0"
"237","B-PB1_368_aligned_1899_F_0_303_0"
"238","B-PB2_697_aligned_1907_F_0_253_0"
"239","B-NP_559_aligned_1913_F_0_224_0"
"240","B-NP_478_aligned_1926_F_0_356_0"
"241","B-PB1_1913_aligned_1934_R_0_325_0"
"242","B-PB1_1343_aligned_1942_F_0_396_0"
"243","B-NA_816_aligned_1950_F_0_297_0"
"244","B-PB2_1069_aligned_1958_R_0_274_0"
"245","B-NA_616_aligned_1966_F_0_176_0"
"246","B-HA_556_aligned_1974_R_0_312_0"
"247","B-NA_1091_aligned_1981_R_0_208_0"
"248","B-NA_441_aligned_1987_R_0_393_0"
"249","B-NP_1075_aligned_1992_R_0_234_0"
"250","B-PB2_298_aligned_1997_R_0_363_0"
"251","B-NP_588_aligned_0_F_0_121_0"
"252","B-PB1_162_aligned_8_F_0_259_0"
"253","B-PB2_1132_aligned_15_R_0_247_0"
"254","B-HA_409_aligned_23_F_0_223_0"
"255","B-MP_814_aligned_31_F_0_212_0"
"256","B-PB1_630_aligned_39_R_0_237_0"
"257","B-NP_257_aligned_47_F_0_149_0"
"258","B-HA_1038_aligned_55_R_0_357_0"
"259","B-PB1_348_aligned_63_R_0_89_0"
"260","B-HA_1348_aligned_71_F_0_325_0"
"261","B-PB1_179_aligned_79_R_0_131_0"
"262","B-NP_514_aligned_87_R_0_231_0"
"263","B-PB2_317_aligned_95_R_0_305_0"
"264","B-HA_1311_aligned_103_R_0_247_0"
"265","B-PA_582_aligned_111_F_0_227_0"
"266","B-HA_1175_aligned_119_F_0_196_0"
"267","B-MP_794_aligned_127_R_0_288_0"
"268","B-NS_647_aligned_135_F_0_169_0"
"269","B-PA_854_aligned_142_F_0_152_0"
"270","B-NP_833_aligned_150_F_0_258_0"
"271","B-NP_902_aligned_158_R_0_349_0"
"272","B-PB1_1763_aligned_165_R_0_137_0"
"273","B-MP_93_aligned_173_F_0_255_0"
"274","B-PB2_1593_aligned_181_F_0_387_0"
"275","B-PB2_423_aligned_187_R_0_360_0"
"276","B-NP_1520_aligned_195_R_0_138_0"
"277","B-NA_1057_aligned_206_F_0_183_0"
"278","B-PA_1656_aligned_212_R_0_357_0"
"279","B-HA_205_aligned_220_R_0_282_0"
"280","B-HA_779_aligned_227_R_0_336_0"
"281","B-NA_338_aligned_234_R_0_271_0"
"282","B-PA_203_aligned_242_F_0_145_0"
"283","B-HA_1249_aligned_250_R_0_182_0"
"284","B-PB2_504_aligned_259_F_0_225_0"
"285","B-PA_1299_aligned_265_R_0_244_0"
"286","B-PA_562_aligned_274_R_0_160_0"
"287","B-MP_51_aligned_283_R_0_368_0"
"288","B-PB1_1686_aligned_290_F_0_292_0"
"289","B-PB2_366_aligned_297_F_0_174_0"
"290","B-PA_1012_aligned_304_R_0_235_0"
"291","B-PA_745_aligned_312_F_0_234_0"
"292","B-NS_625_aligned_318_R_0_159_0"
"293","B-MP_923_aligned_326_F_0_128_0"
"294","B-MP_123_aligned_333_F_0_300_0"
"295","B-NP_169_aligned_341_R_0_314_0"
"296","B-NS_636_aligned_349_F_0_162_0"
"297","B-NP_390_aligned_356_F_0_165_0"
"298","B-MP_304_aligned_364_R_0_352_0"
"299","B-PA_296_aligned_373_F_0_260_0"
"300","B-PB2_38_aligned_384_R_0_173_0"
"301","B-PA_189_aligned_392_F_0_394_0"
"302","B-PB2_47_aligned_400_F_0_202_0"
"303","B-PB2_2126_aligned_407_R_0_151_0"
"304","B-PA_1606_aligned_414_R_0_348_0"
"305","B-NP_755_aligned_425_R_0_111_0"
"306","B-NP_1426_aligned_433_F_0_165_0"
"307","B-NP_151_aligned_441_F_0_390_0"
"308","B-PB2_1036_aligned_448_R_0_188_0"
"309","B-NP_483_aligned_456_F_0_246_0"
"310","B-PB1_462_aligned_463_R_0_267_0"
"311","B-PA_751_aligned_472_R_0_322_0"
"312","B-PB2_1790_aligned_479_F_0_168_0"
"313","B-MP_363_aligned_487_F_0_252_0"
"314","B-NS_658_aligned_495_F_0_247_0"
"315","B-PB1_188_aligned_503_F_0_353_0"
"316","B-PB1_397_aligned_511_R_0_312_0"
"317","B-PB2_1682_aligned_519_R_0_269_0"
"318","B-NS_473_aligned_526_R_0_292_0"
"319","B-PB1_1531_aligned_534_F_0_373_0"
"320","B-PB2_353_aligned_542_R_0_386_0"
"321","B-NS_482_aligned_550_F_0_255_0"
"322","B-NP_658_aligned_558_F_0_380_0"
"323","B-NP_686_aligned_566_F_0_365_0"
"324","B-HA_1135_aligned_574_R_0_328_0"
"325","B-PA_1378_aligned_581_R_0_315_0"
"326","B-NS_109_aligned_589_F_0_173_0"
"327","B-PB1_1439_aligned_598_R_0_374_0"
"328","B-NS_389_aligned_608_F_0_343_0"
"329","B-PB2_1511_aligned_614_R_0_142_0"
"330","B-MP_828_aligned_621_F_0_248_0"
"331","B-PA_1519_aligned_629_R_0_101_0"
"332","B-PB2_2203_aligned_639_F_0_94_0"
"333","B-NA_435_aligned_652_R_0_405_0"
"334","B-NS_190_aligned_658_F_0_268_0"
"335","B-PB1_248_aligned_666_F_0_289_0"
"336","B-NP_28_aligned_677_R_0_249_0"
"337","B-HA_387_aligned_684_R_0_313_0"
"338","B-PA_1292_aligned_691_F_0_157_0"
"339","B-PB2_214_aligned_699_R_0_301_0"
"340","B-PA_1520_aligned_707_R_0_173_0"
"341","B-PB1_409_aligned_713_F_0_305_0"
"342","B-PB2_825_aligned_723_R_0_360_0"
"343","B-PB2_267_aligned_734_R_0_258_0"
"344","B-NP_101_aligned_742_R_0_389_0"
"345","B-PB1_715_aligned_749_R_0_215_0"
"346","B-NS_523_aligned_756_R_0_150_0"
"347","B-PA_211_aligned_766_R_0_319_0"
"348","B-NP_372_aligned_773_F_0_250_0"
"349","B-PB2_1692_aligned_781_R_0_166_0"
"350","B-HA_944_aligned_787_R_0_279_0"
"351","B-PB1_1134_aligned_795_F_0_214_0"
"352","B-PA_284_aligned_803_F_0_375_0"
"353","B-NS_604_aligned_811_R_0_213_0"
"354","B-PB2_1534_aligned_818_R_0_263_0"
"355","B-PB1_1552_aligned_826_F_0_335_0"
"356","B-NS_310_aligned_835_R_0_248_0"
"357","B-HA_1199_aligned_843_R_0_222_0"
"358","B-NA_551_aligned_850_F_0_281_0"
"359","B-PB1_768_aligned_857_R_0_286_0"
"360","B-PA_565_aligned_864_R_0_203_0"
"361","B-MP_675_aligned_872_R_0_124_0"
"362","B-PA_807_aligned_880_F_0_254_0"
"363","B-PA_844_aligned_888_R_0_228_0"
"364","B-NP_7_aligned_896_R_0_183_0"
"365","B-PA_1486_aligned_901_R_0_225_0"
"366","B-HA_628_aligned_909_F_0_202_0"
"367","B-PB2_1154_aligned_915_F_0_129_0"
"368","B-PA_1227_aligned_923_R_0_129_0"
"369","B-PA_1158_aligned_931_R_0_286_0"
"370","B-NP_1343_aligned_938_R_0_267_0"
"371","B-PA_905_aligned_946_R_0_177_0"
"372","B-PA_1352_aligned_954_F_0_225_0"
"373","B-NA_506_aligned_965_F_0_224_0"
"374","B-NP_1107_aligned_972_R_0_213_0"
"375","B-PA_1235_aligned_980_R_0_183_0"
"376","B-NA_228_aligned_987_R_0_339_0"
"377","B-PB2_760_aligned_995_F_0_278_0"
"378","B-MP_558_aligned_1006_F_0_152_0"
"379","B-PA_1179_aligned_1014_F_0_270_0"
"380","B-PB2_1192_aligned_1020_R_0_269_0"
"381","B-NS_9_aligned_1030_R_0_320_0"
"382","B-NP_1281_aligned_1038_F_0_291_0"
"383","B-PB1_1411_aligned_1047_R_0_135_0"
"384","B-PA_335_aligned_1054_F_0_161_0"
"385","B-PB2_311_aligned_1065_R_0_162_0"
"386","B-HA_1250_aligned_1072_F_0_146_0"
"387","B-PA_1173_aligned_1080_F_0_208_0"
"388","B-PB2_688_aligned_1087_F_0_349_0"
"389","B-HA_30_aligned_1094_R_0_282_0"
"390","B-PA_656_aligned_1103_R_0_351_0"
"391","B-NP_1202_aligned_1109_F_0_371_0"
"392","B-PA_1403_aligned_1117_R_0_320_0"
"393","B-MP_738_aligned_1125_R_0_120_0"
"394","B-PA_1178_aligned_1133_F_0_246_0"
"395","B-PA_1342_aligned_1141_F_0_224_0"
"396","B-PA_216_aligned_1149_F_0_363_0"
"397","B-MP_603_aligned_1157_F_0_157_0"
"398","B-PA_1341_aligned_1164_F_0_292_0"
"399","B-PA_44_aligned_1172_F_0_220_0"
"400","B-NP_1380_aligned_1179_F_0_221_0"
"401","B-NP_1364_aligned_1186_F_0_208_0"
"402","B-HA_331_aligned_1194_R_0_209_0"
"403","B-PA_789_aligned_1202_R_0_247_0"
"404","B-MP_39_aligned_1210_F_0_350_0"
"405","B-HA_23_aligned_1217_F_0_373_0"
"406","B-PB2_1101_aligned_1225_F_0_285_0"
"407","B-PB2_1000_aligned_1233_F_0_156_0"
"408","B-NA_996_aligned_1239_R_0_310_0"
"409","B-NA_55_aligned_1247_F_0_184_0"
"410","B-PB1_149_aligned_1255_F_0_243_0"
"411","B-HA_855_aligned_1263_F_0_197_0"
"412","B-PA_1869_aligned_1271_F_0_152_0"
"413","B-NP_845_aligned_1278_F_0_322_0"
"414","B-PB1_1396_aligned_1286_F_0_135_0"
"415","B-HA_141_aligned_1293_F_0_368_0"
"416","B-NS_232_aligned_1302_F_0_335_0"
"417","B-NP_351_aligned_1311_F_0_282_0"
"418","B-PB2_741_aligned_1319_R_0_375_0"
"419","B-PB1_1432_aligned_1327_F_0_196_0"
"420","B-PB2_1988_aligned_1335_F_0_161_0"
"421","B-PA_86_aligned_1343_R_0_230_0"
"422","B-PB1_1641_aligned_1351_F_0_164_0"
"423","B-NS_258_aligned_1359_R_0_147_0"
"424","B-HA_1027_aligned_1368_R_0_214_0"
"425","B-PA_961_aligned_1376_R_0_388_0"
"426","B-HA_216_aligned_1384_R_0_306_0"
"427","B-NS_588_aligned_1393_F_0_381_0"
"428","B-PB2_574_aligned_1402_R_0_249_0"
"429","B-PB2_1420_aligned_1412_R_0_242_0"
"430","B-PB2_293_aligned_1418_F_0_320_0"
"431","B-NP_1395_aligned_1427_R_0_288_0"
"432","B-MP_765_aligned_1435_R_0_344_0"
"433","B-PB2_1895_aligned_1443_F_0_289_0"
"434","B-HA_1264_aligned_1451_F_0_159_0"
"435","B-NP_1147_aligned_1459_F_0_243_0"
"436","B-PA_56_aligned_1468_R_0_402_0"
"437","B-NA_604_aligned_1476_R_0_142_0"
"438","B-PB1_999_aligned_1484_F_0_194_0"
"439","B-NS_844_aligned_1492_F_0_180_0"
"440","B-NS_37_aligned_1500_R_0_233_0"
"441","B-PB1_1376_aligned_1508_R_0_268_0"
"442","B-NA_930_aligned_1516_F_0_192_0"
"443","B-NA_1157_aligned_1524_F_0_215_0"
"444","B-NA_888_aligned_1534_R_0_206_0"
"445","B-PB1_1827_aligned_1542_F_0_92_0"
"446","B-PB2_585_aligned_1550_F_0_359_0"
"447","B-PA_1430_aligned_1558_F_0_382_0"
"448","B-PB2_20_aligned_1566_F_0_173_0"
"449","B-PB1_349_aligned_1574_F_0_257_0"
"450","B-PB2_809_aligned_1582_R_0_385_0"
"451","B-PB2_1730_aligned_1590_F_0_376_0"
"452","B-PB2_1296_aligned_1598_R_0_199_0"
"453","B-PA_739_aligned_1606_F_0_312_0"
"454","B-MP_318_aligned_1614_F_0_328_0"
"455","B-PB2_1411_aligned_1622_F_0_127_0"
"456","B-HA_166_aligned_1630_F_0_315_0"
"457","B-PB2_1071_aligned_1638_R_0_348_0"
"458","B-HA_1187_aligned_1646_F_0_186_0"
"459","B-MP_511_aligned_1654_F_0_277_0"
"460","B-PB2_1953_aligned_1662_F_0_286_0"
"461","B-MP_290_aligned_1670_R_0_200_0"
"462","B-MP_52_aligned_1678_R_0_405_0"
"463","B-HA_861_aligned_1686_R_0_383_0"
"464","B-PA_121_aligned_1697_F_0_296_0"
"465","B-NP_1112_aligned_1705_F_0_167_0"
"466","B-NA_1053_aligned_1713_R_0_225_0"
"467","B-NP_794_aligned_1720_F_0_193_0"
"468","B-HA_9_aligned_1727_F_0_295_0"
"469","B-NP_469_aligned_1739_F_0_294_0"
"470","B-NA_481_aligned_1747_F_0_259_0"
"471","B-PA_341_aligned_1754_F_0_216_0"
"472","B-NS_509_aligned_1759_R_0_290_0"
"473","B-NS_543_aligned_1767_R_0_403_0"
"474","B-PA_740_aligned_1774_F_0_123_0"
"475","B-PB1_1856_aligned_1784_R_0_231_0"
"476","B-NP_794_aligned_1792_R_0_270_0"
"477","B-PB2_599_aligned_1799_F_0_326_0"
"478","B-HA_510_aligned_1806_R_0_173_0"
"479","B-NP_1462_aligned_1816_F_0_211_0"
"480","B-NP_356_aligned_1823_R_0_192_0"
"481","B-NA_373_aligned_1830_R_0_272_0"
"482","B-PB1_1398_aligned_1837_R_0_211_0"
"483","B-PB2_1276_aligned_1846_F_0_293_0"
"484","B-PB1_1501_aligned_1855_R_0_214_0"
"485","B-NA_702_aligned_1873_R_0_302_0"
"486","B-MP_740_aligned_1876_R_0_311_0"
"487","B-PB1_1164_aligned_1880_F_0_363_0"
"488","B-PA_1597_aligned_1886_F_0_327_0"
"489","B-PA_1301_aligned_1898_R_0_210_0"
"490","B-PB1_172_aligned_1905_F_0_288_0"
"491","B-NA_166_aligned_1914_R_0_370_0"
"492","B-NP_58_aligned_1922_R_0_207_0"
"493","B-PB1_1267_aligned_1929_R_0_244_0"
"494","B-NA_1147_aligned_1937_R_0_186_0"
"495","B-HA_201_aligned_1945_F_0_262_0"
"496","B-NA_604_aligned_1952_R_0_397_0"
"497","B-MP_257_aligned_1959_R_0_320_0"
"498","B-NA_334_aligned_1968_F_0_194_0"
"499","B-PB2_353_aligned_1975_R_0_193_0"
"500","B-PB1_194_aligned_1982_R_0_227_0"
"501","B-MP_856_aligned_2_F_0_180_0"
"502","B-PA_1773_aligned_9_F_0_181_0"
"503","B-NP_781_aligned_16_F_0_160_0"
"504","B-NA_619_aligned_24_R_0_364_0"
"505","B-HA_445_aligned_32_R_0_179_0"
"506","B-NA_98_aligned_40_F_0_150_0"
"507","B-PA_1262_aligned_48_F_0_312_0"
"508","B-HA_572_aligned_56_F_0_313_0"
"509","B-PB2_317_aligned_64_F_0_270_0"
"510","B-PA_47_aligned_72_F_0_272_0"
"511","B-HA_712_aligned_81_F_0_161_0"
"512","B-NP_335_aligned_89_F_0_389_0"
"513","B-PA_1003_aligned_97_R_0_350_0"
"514","B-PA_1912_aligned_105_F_0_127_0"
"515","B-NA_643_aligned_112_R_0_186_0"
"516","B-PB2_1789_aligned_120_R_0_373_0"
"517","B-PB1_327_aligned_128_R_0_131_0"
"518","B-PA_1737_aligned_136_F_0_163_0"
"519","B-PB1_337_aligned_144_R_0_209_0"
"520","B-PB2_1269_aligned_152_R_0_338_0"
"521","B-PA_852_aligned_162_R_0_168_0"
"522","B-NA_723_aligned_168_R_0_110_0"
"523","B-PB1_1371_aligned_177_R_0_136_0"
"524","B-PB2_1530_aligned_184_F_0_380_0"
"525","B-PA_318_aligned_192_F_0_291_0"
"526","B-PB1_1438_aligned_199_R_0_206_0"
"527","B-NP_1376_aligned_208_R_0_145_0"
"528","B-MP_667_aligned_214_R_0_135_0"
"529","B-PB2_2102_aligned_223_F_0_209_0"
"530","B-MP_206_aligned_231_F_0_246_0"
"531","B-PB2_1050_aligned_239_R_0_257_0"
"532","B-PB1_1382_aligned_246_F_0_162_0"
"533","B-PB1_250_aligned_254_R_0_315_0"
"534","B-NS_767_aligned_261_F_0_169_0"
"535","B-PA_1661_aligned_271_F_0_371_0"
"536","B-PB2_1854_aligned_280_F_0_371_0"
"537","B-MP_800_aligned_287_F_0_179_0"
"538","B-NP_313_aligned_294_R_0_374_0"
"539","B-NS_212_aligned_306_F_0_376_0"
"540","B-PB2_427_aligned_314_R_0_343_0"
"541","B-PA_199_aligned_324_R_0_86_0"
"542","B-NP_537_aligned_330_R_0_191_0"
"543","B-PA_769_aligned_338_R_0_133_0"
"544","B-HA_512_aligned_346_F_0_219_0"
"545","B-PA_820_aligned_352_R_0_201_0"
"546","B-PB1_419_aligned_357_F_0_303_0"
"547","B-PB1_351_aligned_369_F_0_319_0"
"548","B-PB1_160_aligned_377_F_0_143_0"
"549","B-HA_9_aligned_385_R_0_254_0"
"550","B-PB2_816_aligned_395_F_0_293_0"
"551","B-NA_331_aligned_402_F_0_171_0"
"552","B-HA_912_aligned_410_F_0_261_0"
"553","B-HA_1376_aligned_418_R_0_292_0"
"554","B-NA_793_aligned_426_F_0_214_0"
"555","B-NP_325_aligned_434_R_0_190_0"
"556","B-PB2_765_aligned_442_R_0_130_0"
"557","B-HA_341_aligned_449_R_0_330_0"
"558","B-PA_373_aligned_458_R_0_297_0"
"559","B-PB1_1156_aligned_467_R_0_317_0"
"560","B-PB1_1647_aligned_475_R_0_133_0"
"561","B-PA_986_aligned_481_F_0_158_0"
"562","B-NA_440_aligned_489_F_0_247_0"
"563","B-NA_837_aligned_497_R_0_307_0"
"564","B-PB1_1224_aligned_504_F_0_333_0"
"565","B-PB2_370_aligned_512_F_0_390_0"
"566","B-PB2_718_aligned_521_R_0_202_0"
"567","B-PB1_869_aligned_528_F_0_267_0"
"568","B-MP_526_aligned_536_F_0_265_0"
"569","B-PB2_1678_aligned_548_R_0_392_0"
"570","B-PA_491_aligned_557_R_0_341_0"
"571","B-PA_1819_aligned_565_R_0_263_0"
"572","B-MP_269_aligned_573_R_0_346_0"
"573","B-PA_198_aligned_580_R_0_257_0"
"574","B-PA_470_aligned_588_F_0_283_0"
"575","B-NP_1139_aligned_595_F_0_94_0"
"576","B-PB2_1913_aligned_603_R_0_185_0"
"577","B-NA_453_aligned_611_R_0_319_0"
"578","B-PB1_1981_aligned_617_F_0_112_0"
"579","B-PB2_1462_aligned_625_R_0_248_0"
"580","B-NA_872_aligned_635_R_0_400_0"
"581","B-PB2_1101_aligned_643_R_0_170_0"
"582","B-PB1_385_aligned_650_F_0_183_0"
"583","B-NP_234_aligned_660_R_0_209_0"
"584","B-PA_1601_aligned_668_F_0_170_0"
"585","B-HA_219_aligned_675_R_0_221_0"
"586","B-HA_499_aligned_683_F_0_360_0"
"587","B-PB2_497_aligned_694_F_0_235_0"
"588","B-PA_28_aligned_700_F_0_246_0"
"589","B-NP_1358_aligned_708_R_0_247_0"
"590","B-NP_1008_aligned_716_R_0_179_0"
"591","B-NP_806_aligned_722_F_0_382_0"
"592","B-NS_338_aligned_730_F_0_390_0"
"593","B-PA_1025_aligned_740_F_0_169_0"
"594","B-NA_34_aligned_751_F_0_212_0"
"595","B-HA_1306_aligned_759_F_0_382_0"
"596","B-NS_620_aligned_767_F_0_324_0"
"597","B-HA_924_aligned_775_F_0_365_0"
"598","B-NP_242_aligned_785_R_0_156_0"
"599","B-PB2_1148_aligned_792_F_0_169_0"
"600","B-PA_1753_aligned_801_F_0_313_0"
"601","B-PA_648_aligned_809_F_0_179_0"
"602","B-NA_664_aligned_816_F_0_245_0"
"603","B-PB1_60_aligned_824_R_0_225_0"
"604","B-PB2_913_aligned_828_R_0_126_0"
"605","B-PB1_1999_aligned_836_R_0_179_0"
"606","B-NP_82_aligned_844_F_0_93_0"
"607","B-PB1_1003_aligned_851_F_0_206_0"
"608","B-MP_549_aligned_859_R_0_398_0"
"609","B-PB1_100_aligned_867_F_0_238_0"
"610","B-NP_1363_aligned_875_F_0_129_0"
"611","B-HA_1404_aligned_886_F_0_212_0"
"612","B-HA_117_aligned_895_F_0_356_0"
"613","B-NP_185_aligned_902_F_0_278_0"
"614","B-MP_844_aligned_912_F_0_268_0"
"615","B-NP_224_aligned_920_R_0_270_0"
"616","B-PA_465_aligned_929_R_0_394_0"
"617","B-MP_403_aligned_940_R_0_242_0"
"618","B-HA_615_aligned_948_R_0_206_0"
"619","B-MP_311_aligned_959_F_0_289_0"
"620","B-NP_1385_aligned_966_F_0_220_0"
"621","B-NA_521_aligned_973_F_0_230_0"
"622","B-PB2_1327_aligned_981_F_0_274_0"
"623","B-PB1_1640_aligned_988_F_0_197_0"
"624","B-NP_580_aligned_996_R_0_133_0"
"625","B-PB1_1801_aligned_1003_R_0_230_0"
"626","B-PA_780_aligned_1011_F_0_232_0"
"627","B-PB2_234_aligned_1019_R_0_256_0"
"628","B-NP_1162_aligned_1027_F_0_385_0"
"629","B-NS_161_aligned_1036_R_0_120_0"
"630","B-PA_409_aligned_1044_F_0_339_0"
"631","B-NP_1315_aligned_1055_F_0_91_0"
"632","B-HA_732_aligned_1061_R_0_235_0"
"633","B-PB2_2032_aligned_1070_F_0_240_0"
"634","B-PA_728_aligned_1077_F_0_180_0"
"635","B-PA_383_aligned_1082_R_0_348_0"
"636","B-PB2_1428_aligned_1091_R_0_144_0"
"637","B-PA_503_aligned_1099_F_0_168_0"
"638","B-HA_1049_aligned_1106_F_0_183_0"
"639","B-NA_319_aligned_1114_R_0_140_0"
"640","B-PB2_589_aligned_1119_R_0_118_0"
"641","B-NP_794_aligned_1127_F_0_151_0"
"642","B-NP_725_aligned_1135_R_0_151_0"
"643","B-PB2_1061_aligned_1142_R_0_206_0"
"644","B-PA_656_aligned_1152_F_0_325_0"
"645","B-MP_902_aligned_1160_R_0_205_0"
"646","B-PB2_873_aligned_1168_R_0_145_0"
"647","B-PB1_461_aligned_1174_R_0_183_0"
"648","B-PB2_1792_aligned_1181_R_0_298_0"
"649","B-PB1_1432_aligned_1188_F_0_363_0"
"650","B-NP_228_aligned_1197_F_0_318_0"
"651","B-PB1_1417_aligned_1205_R_0_199_0"
"652","B-PB1_871_aligned_1213_R_0_360_0"
"653","B-PB2_1818_aligned_1224_F_0_385_0"
"654","B-PA_1886_aligned_1232_F_0_196_0"
"655","B-PB1_1485_aligned_1241_F_0_396_0"
"656","B-HA_1441_aligned_1248_R_0_294_0"
"657","B-PB2_1889_aligned_1257_R_0_230_0"
"658","B-NS_117_aligned_1266_R_0_375_0"
"659","B-NA_717_aligned_1274_R_0_305_0"
"660","B-NS_123_aligned_1282_F_0_184_0"
"661","B-PB1_1430_aligned_1290_F_0_155_0"
"662","B-PA_502_aligned_1298_F_0_360_0"
"663","B-PB2_59_aligned_1306_R_0_366_0"
"664","B-PB2_1885_aligned_1314_F_0_125_0"
"665","B-PB1_1345_aligned_1321_F_0_374_0"
"666","B-PA_487_aligned_1329_F_0_183_0"
"667","B-PB1_934_aligned_1337_R_0_331_0"
"668","B-NP_1263_aligned_1345_F_0_260_0"
"669","B-NP_670_aligned_1353_R_0_103_0"
"670","B-PB2_446_aligned_1361_F_0_134_0"
"671","B-PA_1668_aligned_1369_F_0_302_0"
"672","B-PA_771_aligned_1377_R_0_235_0"
"673","B-PB1_987_aligned_1385_R_0_249_0"
"674","B-NP_1005_aligned_1392_R_0_188_0"
"675","B-HA_582_aligned_1400_F_0_260_0"
"676","B-NA_705_aligned_1408_R_0_248_0"
"677","B-MP_748_aligned_1416_F_0_231_0"
"678","B-PB2_182_aligned_1424_F_0_220_0"
"679","B-NA_900_aligned_1432_F_0_311_0"
"680","B-NP_406_aligned_1440_R_0_261_0"
"681","B-MP_193_aligned_1448_R_0_158_0"
"682","B-PB1_964_aligned_1456_F_0_285_0"
"683","B-NP_1063_aligned_1464_R_0_342_0"
"684","B-MP_381_aligned_1472_R_0_347_0"
"685","B-PA_1283_aligned_1480_F_0_296_0"
"686","B-PA_766_aligned_1488_R_0_249_0"
"687","B-HA_545_aligned_1496_R_0_272_0"
"688","B-NS_681_aligned_1504_F_0_341_0"
"689","B-NP_1159_aligned_1511_F_0_194_0"
"690","B-PB2_1401_aligned_1519_F_0_137_0"
"691","B-PA_325_aligned_1528_F_0_294_0"
"692","B-NA_23_aligned_1536_F_0_382_0"
"693","B-HA_295_aligned_1544_R_0_310_0"
"694","B-PB1_1569_aligned_1552_R_0_302_0"
"695","B-NP_1293_aligned_1560_F_0_177_0"
"696","B-PB1_356_aligned_1568_F_0_118_0"
"697","B-NP_1152_aligned_1575_R_0_295_0"
"698","B-PB1_1534_aligned_1584_R_0_347_0"
"699","B-HA_953_aligned_1592_F_0_260_0"
"700","B-PB1_748_aligned_1600_F_0_351_0"
"701","B-HA_437_aligned_1608_R_0_353_0"
"702","B-NS_217_aligned_1617_R_0_185_0"
"703","B-NA_728_aligned_1624_R_0_242_0"
"704","B-HA_1398_aligned_1632_R_0_179_0"
"705","B-MP_772_aligned_1639_F_0_251_0"
"706","B-PA_1425_aligned_1649_R_0_374_0"
"707","B-PB1_1546_aligned_1658_F_0_112_0"
"708","B-NA_287_aligned_1666_R_0_231_0"
"709","B-NP_1088_aligned_1675_R_0_299_0"
"710","B-PA_227_aligned_1683_F_0_87_0"
"711","B-PB1_1775_aligned_1690_F_0_397_0"
"712","B-HA_1374_aligned_1698_F_0_232_0"
"713","B-PA_844_aligned_1704_R_0_210_0"
"714","B-NA_679_aligned_1711_F_0_248_0"
"715","B-NS_507_aligned_1717_R_0_216_0"
"716","B-PA_1095_aligned_1725_F_0_383_0"
"717","B-PB2_734_aligned_1735_F_0_365_0"
"718","B-PB1_81_aligned_1742_F_0_283_0"
"719","B-PB2_1701_aligned_1750_R_0_103_0"
"720","B-MP_988_aligned_1761_F_0_118_0"
"721","B-HA_463_aligned_1769_R_0_203_0"
"722","B-NP_1232_aligned_1777_F_0_340_0"
"723","B-NA_1028_aligned_1785_R_0_338_0"
"724","B-HA_923_aligned_1793_F_0_390_0"
"725","B-PA_1382_aligned_1802_F_0_127_0"
"726","B-PB2_835_aligned_1809_F_0_147_0"
"727","B-HA_689_aligned_1818_F_0_160_0"
"728","B-NA_48_aligned_1824_F_0_139_0"
"729","B-PB2_700_aligned_1833_R_0_182_0"
"730","B-PB2_911_aligned_1840_F_0_223_0"
"731","B-MP_694_aligned_1851_R_0_264_0"
"732","B-PB1_1441_aligned_1859_F_0_360_0"
"733","B-PA_670_aligned_1866_R_0_332_0"
"734","B-NS_474_aligned_1871_F_0_221_0"
"735","B-PB1_282_aligned_1883_F_0_109_0"
"736","B-PB2_1911_aligned_1889_F_0_192_0"
"737","B-NP_714_aligned_1896_F_0_244_0"
"738","B-NP_196_aligned_1904_F_0_159_0"
"739","B-PB1_463_aligned_1912_F_0_212_0"
"740","B-PB1_1493_aligned_1918_F_0_144_0"
"741","B-HA_1227_aligned_1924_R_0_341_0"
"742","B-NS_707_aligned_1932_R_0_273_0"
"743","B-NP_290_aligned_1940_R_0_259_0"
"744","B-PA_1094_aligned_1947_F_0_190_0"
"745","B-PB2_524_aligned_1955_F_0_144_0"
"746","B-PA_685_aligned_1963_R_0_390_0"
"747","B-NS_215_aligned_1973_F_0_266_0"
"748","B-PB2_1575_aligned_1980_F_0_222_0"
"749","B-MP_446_aligned_1986_F_0_255_0"
"750","B-PB1_712_aligned_1993_R_0_211_0"
"751","B-NP_449_aligned_3_R_0_235_0"
"752","B-PB1_81_aligned_11_F_0_94_0"
"753","B-NA_237_aligned_19_F_0_214_0"
"754","B-PA_560_aligned_27_F_0_197_0"
"755","B-NP_652_aligned_35_R_0_261_0"
"756","B-HA_470_aligned_43_F_0_382_0"
"757","B-PB2_113_aligned_51_R_0_192_0"
"758","B-MP_408_aligned_59_R_0_341_0"
"759","B-PA_162_aligned_67_F_0_393_0"
"760","B-PB2_1861_aligned_75_F_0_305_0"
"761","B-PB2_308_aligned_83_R_0_328_0"
"762","B-PB2_1556_aligned_91_F_0_250_0"
"763","B-HA_110_aligned_99_F_0_278_0"
"764","B-NP_260_aligned_107_R_0_194_0"
"765","B-PB2_1724_aligned_115_F_0_358_0"
"766","B-NP_95_aligned_123_R_0_217_0"
"767","B-PA_1608_aligned_131_F_0_175_0"
"768","B-NA_858_aligned_139_R_0_193_0"
"769","B-NA_93_aligned_147_F_0_180_0"
"770","B-PB2_185_aligned_155_R_0_317_0"
"771","B-NP_518_aligned_163_F_0_275_0"
"772","B-PB1_525_aligned_170_F_0_211_0"
"773","B-NP_633_aligned_180_F_0_330_0"
"774","B-PA_1909_aligned_188_R_0_171_0"
"775","B-PA_632_aligned_196_R_0_332_0"
"776","B-PB1_1741_aligned_204_F_0_298_0"
"777","B-HA_314_aligned_215_R_0_254_0"
"778","B-NP_1389_aligned_222_F_0_103_0"
"779","B-PB2_1309_aligned_229_F_0_106_0"
"780","B-MP_923_aligned_236_F_0_159_0"
"781","B-NA_426_aligned_244_R_0_214_0"
"782","B-HA_417_aligned_252_R_0_163_0"
"783","B-PB2_607_aligned_263_F_0_270_0"
"784","B-NA_449_aligned_272_R_0_215_0"
"785","B-PB2_22_aligned_279_F_0_172_0"
"786","B-PB1_1809_aligned_291_R_0_173_0"
"787","B-PA_1597_aligned_299_F_0_345_0"
"788","B-HA_750_aligned_305_F_0_221_0"
"789","B-PB1_124_aligned_313_F_0_245_0"
"790","B-NS_515_aligned_320_R_0_229_0"
"791","B-PB1_1926_aligned_334_R_0_199_0"
"792","B-PB2_1197_aligned_340_R_0_377_0"
"793","B-PA_1548_aligned_353_F_0_291_0"
"794","B-NP_889_aligned_360_R_0_193_0"
"795","B-PB1_599_aligned_367_R_0_236_0"
"796","B-PB2_1362_aligned_374_R_0_330_0"
"797","B-NS_346_aligned_381_F_0_152_0"
"798","B-PB1_619_aligned_389_F_0_147_0"
"799","B-HA_1310_aligned_398_R_0_278_0"
"800","B-HA_1282_aligned_409_R_0_361_0"
"801","B-PA_563_aligned_416_R_0_296_0"
"802","B-MP_439_aligned_424_F_0_391_0"
"803","B-NA_314_aligned_432_F_0_282_0"
"804","B-PB1_594_aligned_439_R_0_347_0"
"805","B-PB1_1399_aligned_450_R_0_386_0"
"806","B-PB1_213_aligned_457_F_0_368_0"
"807","B-NP_759_aligned_465_F_0_343_0"
"808","B-PA_1622_aligned_473_F_0_160_0"
"809","B-PB1_723_aligned_480_R_0_239_0"
"810","B-PA_867_aligned_488_F_0_215_0"
"811","B-PB1_1045_aligned_496_F_0_145_0"
"812","B-PB1_1929_aligned_505_R_0_328_0"
"813","B-PB1_1462_aligned_514_F_0_277_0"
"814","B-PB1_674_aligned_520_F_0_346_0"
"815","B-PB1_477_aligned_527_F_0_298_0"
"816","B-NA_422_aligned_535_R_0_378_0"
"817","B-PB1_882_aligned_547_F_0_379_0"
"818","B-PB2_273_aligned_555_R_0_135_0"
"819","B-PB2_1366_aligned_562_R_0_167_0"
"820","B-NP_675_aligned_569_F_0_364_0"
"821","B-PB1_1088_aligned_577_R_0_365_0"
"822","B-MP_557_aligned_584_R_0_178_0"
"823","B-PB1_524_aligned_592_F_0_283_0"
"824","B-HA_556_aligned_599_R_0_402_0"
"825","B-PA_1705_aligned_607_R_0_182_0"
"826","B-HA_253_aligned_616_F_0_275_0"
"827","B-NS_438_aligned_624_F_0_207_0"
"828","B-PB1_1996_aligned_632_R_0_210_0"
"829","B-NP_919_aligned_641_R_0_290_0"
"830","B-HA_608_aligned_648_F_0_277_0"
"831","B-NP_709_aligned_656_F_0_169_0"
"832","B-PB2_507_aligned_664_R_0_357_0"
"833","B-PB1_292_aligned_672_F_0_171_0"
"834","B-NP_121_aligned_681_R_0_310_0"
"835","B-PA_887_aligned_690_R_0_356_0"
"836","B-MP_324_aligned_698_F_0_379_0"
"837","B-NP_756_aligned_706_F_0_338_0"
"838","B-PB1_1480_aligned_712_R_0_218_0"
"839","B-PB2_131_aligned_720_R_0_318_0"
"840","B-HA_92_aligned_729_R_0_152_0"
"841","B-PA_1666_aligned_737_F_0_392_0"
"842","B-PA_1255_aligned_745_F_0_354_0"
"843","B-PB2_1039_aligned_752_R_0_202_0"
"844","B-HA_1309_aligned_760_F_0_401_0"
"845","B-PB1_1433_aligned_771_R_0_139_0"
"846","B-PA_1595_aligned_778_F_0_296_0"
"847","B-PA_193_aligned_786_F_0_222_0"
"848","B-PA_1816_aligned_794_F_0_262_0"
"849","B-NS_94_aligned_800_F_0_289_0"
"850","B-PB2_1685_aligned_808_F_0_151_0"
"851","B-NA_981_aligned_813_R_0_343_0"
"852","B-PB1_1877_aligned_821_F_0_126_0"
"853","B-PA_573_aligned_832_F_0_138_0"
"854","B-NA_385_aligned_841_F_0_200_0"
"855","B-HA_220_aligned_854_R_0_180_0"
"856","B-HA_1404_aligned_862_F_0_345_0"
"857","B-MP_828_aligned_870_R_0_211_0"
"858","B-PB1_1879_aligned_878_R_0_245_0"
"859","B-PB1_1827_aligned_885_R_0_398_0"
"860","B-MP_432_aligned_893_F_0_248_0"
"861","B-PB2_1864_aligned_897_F_0_106_0"
"862","B-PB2_1461_aligned_906_F_0_237_0"
"863","B-NA_954_aligned_914_F_0_298_0"
"864","B-PA_1060_aligned_921_R_0_109_0"
"865","B-PB1_1262_aligned_928_F_0_152_0"
"866","B-NP_389_aligned_935_R_0_353_0"
"867","B-NP_506_aligned_943_F_0_231_0"
"868","B-PB1_1505_aligned_950_F_0_209_0"
"869","B-PB1_1133_aligned_957_R_0_199_0"
"870","B-NS_564_aligned_964_R_0_208_0"
"871","B-PA_291_aligned_974_R_0_361_0"
"872","B-PB1_747_aligned_986_F_0_358_0"
"873","B-HA_1006_aligned_994_F_0_306_0"
"874","B-NP_1315_aligned_1002_R_0_204_0"
"875","B-PB2_69_aligned_1010_R_0_350_0"
"876","B-NA_1137_aligned_1018_F_0_180_0"
"877","B-PA_791_aligned_1025_F_0_326_0"
"878","B-PA_1617_aligned_1032_R_0_255_0"
"879","B-PA_1692_aligned_1040_R_0_236_0"
"880","B-HA_883_aligned_1048_F_0_269_0"
"881","B-PA_1042_aligned_1056_F_0_307_0"
"882","B-PB1_555_aligned_1064_R_0_149_0"
"883","B-PA_671_aligned_1071_R_0_149_0"
"884","B-PA_1126_aligned_1079_F_0_398_0"
"885","B-PB1_99_aligned_1088_R_0_333_0"
"886","B-PB1_1752_aligned_1096_R_0_165_0"
"887","B-NP_35_aligned_1107_F_0_325_0"
"888","B-PB1_1274_aligned_1115_R_0_381_0"
"889","B-PB2_952_aligned_1121_R_0_294_0"
"890","B-NA_673_aligned_1129_R_0_188_0"
"891","B-PB1_745_aligned_1137_F_0_150_0"
"892","B-NA_50_aligned_1145_F_0_232_0"
"893","B-PB2_1372_aligned_1159_F_0_390_0"
"894","B-HA_772_aligned_1167_F_0_259_0"
"895","B-PB2_670_aligned_1177_F_0_278_0"
"896","B-NP_999_aligned_1184_R_0_373_0"
"897","B-HA_5_aligned_1192_F_0_319_0"
"898","B-NA_646_aligned_1199_F_0_379_0"
"899","B-NA_1009_aligned_1206_R_0_243_0"
"900","B-MP_278_aligned_1214_R_0_234_0"
"901","B-MP_123_aligned_1221_R_0_155_0"
"902","B-PB1_1206_aligned_1229_F_0_149_0"
"903","B-PA_498_aligned_1238_R_0_303_0"
"904","B-HA_802_aligned_1246_R_0_177_0"
"905","B-PB2_1292_aligned_1254_R_0_401_0"
"906","B-PA_1202_aligned_1262_F_0_191_0"
"907","B-PB2_1976_aligned_1270_F_0_113_0"
"908","B-PA_700_aligned_1279_R_0_356_0"
"909","B-PB1_143_aligned_1287_F_0_215_0"
"910","B-NP_10_aligned_1295_F_0_224_0"
"911","B-HA_1064_aligned_1303_R_0_408_0"
"912","B-NS_382_aligned_1310_F_0_319_0"
"913","B-PB2_292_aligned_1318_R_0_375_0"
"914","B-PB2_38_aligned_1325_R_0_229_0"
"915","B-PB1_493_aligned_1333_R_0_157_0"
"916","B-HA_210_aligned_1341_F_0_130_0"
"917","B-NS_340_aligned_1349_R_0_168_0"
"918","B-NP_106_aligned_1357_F_0_293_0"
"919","B-HA_688_aligned_1365_R_0_254_0"
"920","B-PB2_1394_aligned_1373_R_0_333_0"
"921","B-HA_700_aligned_1381_F_0_205_0"
"922","B-PA_907_aligned_1389_F_0_133_0"
"923","B-PB2_64_aligned_1397_R_0_251_0"
"924","B-NA_121_aligned_1405_F_0_331_0"
"925","B-PB2_149_aligned_1413_R_0_223_0"
"926","B-NA_723_aligned_1421_R_0_375_0"
"927","B-HA_266_aligned_1429_F_0_213_0"
"928","B-PB2_1962_aligned_1437_F_0_164_0"
"929","B-PB2_848_aligned_1445_F_0_150_0"
"930","B-PB1_1453_aligned_1453_R_0_179_0"
"931","B-PB2_787_aligned_1461_F_0_395_0"
"932","B-PB1_1470_aligned_1470_R_0_210_0"
"933","B-HA_757_aligned_1477_R_0_239_0"
"934","B-PA_1669_aligned_1485_F_0_134_0"
"935","B-PA_214_aligned_1493_F_0_388_0"
"936","B-NA_612_aligned_1501_F_0_290_0"
"937","B-NP_654_aligned_1509_F_0_181_0"
"938","B-NP_1392_aligned_1517_R_0_280_0"
"939","B-PB2_1185_aligned_1525_R_0_141_0"
"940","B-PB1_144_aligned_1533_R_0_395_0"
"941","B-PB2_1727_aligned_1541_R_0_277_0"
"942","B-NP_775_aligned_1549_F_0_215_0"
"943","B-NP_868_aligned_1557_F_0_143_0"
"944","B-NA_119_aligned_1565_F_0_210_0"
"945","B-NP_7_aligned_1572_F_0_229_0"
"946","B-PA_1471_aligned_1580_F_0_353_0"
"947","B-NA_211_aligned_1588_R_0_352_0"
"948","B-MP_700_aligned_1595_F_0_150_0"
"949","B-NP_107_aligned_1602_R_0_176_0"
"950","B-PB1_228_aligned_1610_F_0_370_0"
"951","B-MP_270_aligned_1618_F_0_224_0"
"952","B-PB2_338_aligned_1626_F_0_225_0"
"953","B-PA_1961_aligned_1634_R_0_197_0"
"954","B-NA_888_aligned_1641_F_0_220_0"
"955","B-NP_1061_aligned_1648_R_0_249_0"
"956","B-MP_425_aligned_1656_F_0_165_0"
"957","B-PA_1149_aligned_1664_R_0_153_0"
"958","B-HA_239_aligned_1672_R_0_206_0"
"959","B-PA_172_aligned_1682_R_0_376_0"
"960","B-HA_1062_aligned_1691_R_0_251_0"
"961","B-MP_707_aligned_1701_R_0_153_0"
"962","B-PB1_590_aligned_1709_R_0_318_0"
"963","B-HA_848_aligned_1716_R_0_348_0"
"964","B-NP_347_aligned_1723_R_0_346_0"
"965","B-PB1_1324_aligned_1731_R_0_161_0"
"966","B-MP_305_aligned_1740_R_0_322_0"
"967","B-PA_1990_aligned_1749_R_0_175_0"
"968","B-PB1_1000_aligned_1755_R_0_208_0"
"969","B-NA_431_aligned_1762_F_0_162_0"
"970","B-PA_762_aligned_1768_R_0_121_0"
"971","B-MP_302_aligned_1776_R_0_379_0"
"972","B-NP_626_aligned_1781_F_0_305_0"
"973","B-MP_248_aligned_1788_R_0_317_0"
"974","B-HA_678_aligned_1796_F_0_388_0"
"975","B-PB1_1745_aligned_1805_F_0_158_0"
"976","B-HA_1265_aligned_1813_R_0_273_0"
"977","B-PB1_9_aligned_1821_F_0_152_0"
"978","B-PA_333_aligned_1826_R_0_121_0"
"979","B-NP_780_aligned_1832_R_0_235_0"
"980","B-NP_896_aligned_1841_F_0_121_0"
"981","B-NP_796_aligned_1849_R_0_300_0"
"982","B-PB1_2053_aligned_1857_R_0_168_0"
"983","B-PB1_1089_aligned_1863_F_0_342_0"
"984","B-PB2_175_aligned_1867_R_0_272_0"
"985","B-PA_922_aligned_1881_F_0_280_0"
"986","B-PB1_458_aligned_1888_R_0_181_0"
"987","B-NS_312_aligned_1894_R_0_139_0"
"988","B-MP_86_aligned_1902_R_0_244_0"
"989","B-PA_448_aligned_1909_F_0_160_0"
"990","B-NP_1363_aligned_1916_R_0_154_0"
"991","B-MP_385_aligned_1925_F_0_298_0"
"992","B-PA_1368_aligned_1936_F_0_204_0"
"993","B-PB2_1343_aligned_1944_F_0_254_0"
"994","B-PB2_723_aligned_1949_F_0_258_0"
"995","B-NA_1167_aligned_1957_F_0_172_0"
"996","B-PB1_9_aligned_1965_F_0_239_0"
"997","B-PB1_1381_aligned_1972_F_0_159_0"
"998","B-PB2_614_aligned_1983_R_0_378_0"
"999","B-PB1_986_aligned_1990_R_0_297_0"
"1000","B-HA_1214_aligned_1995_F_0_233_0"
"1001","B-NP_939_aligned_4_F_0_388_0"
"1002","B-NA_192_aligned_12_F_0_233_0"
"1003","B-NP_906_aligned_20_R_0_385_0"
"1004","B-NS_235_aligned_28_F_0_97_0"
"1005","B-HA_516_aligned_36_F_0_179_0"
"1006","B-MP_203_aligned_44_F_0_337_0"
"1007","B-PB2_1603_aligned_52_F_0_255_0"
"1008","B-PA_895_aligned_60_R_0_328_0"
"1009","B-PB1_105_aligned_68_F_0_306_0"
"1010","B-NS_524_aligned_76_R_0_363_0"
"1011","B-HA_1026_aligned_84_F_0_145_0"
"1012","B-PB2_1423_aligned_92_R_0_173_0"
"1013","B-PA_325_aligned_100_R_0_102_0"
"1014","B-MP_607_aligned_108_R_0_251_0"
"1015","B-PB1_1364_aligned_116_R_0_226_0"
"1016","B-NS_639_aligned_124_F_0_223_0"
"1017","B-PA_939_aligned_132_F_0_315_0"
"1018","B-NP_687_aligned_140_R_0_252_0"
"1019","B-NA_823_aligned_148_F_0_389_0"
"1020","B-NS_45_aligned_156_F_0_387_0"
"1021","B-PA_1497_aligned_167_R_0_360_0"
"1022","B-NA_104_aligned_176_R_0_190_0"
"1023","B-NA_998_aligned_183_F_0_231_0"
"1024","B-NP_1257_aligned_190_R_0_352_0"
"1025","B-NA_596_aligned_197_F_0_146_0"
"1026","B-PB2_1058_aligned_203_F_0_182_0"
"1027","B-NA_708_aligned_211_F_0_260_0"
"1028","B-NP_786_aligned_219_R_0_250_0"
"1029","B-HA_626_aligned_228_R_0_333_0"
"1030","B-PA_917_aligned_237_R_0_273_0"
"1031","B-MP_324_aligned_249_F_0_252_0"
"1032","B-HA_886_aligned_257_F_0_106_0"
"1033","B-NP_1222_aligned_264_F_0_204_0"
"1034","B-PB1_1640_aligned_270_R_0_206_0"
"1035","B-MP_387_aligned_278_R_0_293_0"
"1036","B-HA_1135_aligned_286_F_0_229_0"
"1037","B-PB2_1476_aligned_292_R_0_161_0"
"1038","B-HA_1452_aligned_300_F_0_222_0"
"1039","B-HA_776_aligned_308_R_0_205_0"
"1040","B-PB1_1979_aligned_316_R_0_224_0"
"1041","B-NP_581_aligned_322_F_0_391_0"
"1042","B-PB1_1603_aligned_329_F_0_195_0"
"1043","B-MP_108_aligned_337_R_0_205_0"
"1044","B-PA_109_aligned_345_F_0_377_0"
"1045","B-PB2_273_aligned_350_R_0_216_0"
"1046","B-PA_623_aligned_359_F_0_278_0"
"1047","B-PB2_123_aligned_368_F_0_379_0"
"1048","B-HA_316_aligned_375_F_0_322_0"
"1049","B-NA_316_aligned_382_R_0_108_0"
"1050","B-MP_698_aligned_390_R_0_299_0"
"1051","B-PA_830_aligned_397_R_0_194_0"
"1052","B-MP_190_aligned_405_R_0_119_0"
"1053","B-NS_699_aligned_411_R_0_181_0"
"1054","B-PA_1829_aligned_420_F_0_293_0"
"1055","B-PA_773_aligned_429_F_0_335_0"
"1056","B-MP_352_aligned_436_R_0_237_0"
"1057","B-NP_203_aligned_443_F_0_251_0"
"1058","B-PB1_1415_aligned_451_F_0_210_0"
"1059","B-PA_1972_aligned_459_R_0_202_0"
"1060","B-PB1_449_aligned_466_R_0_318_0"
"1061","B-PB2_184_aligned_474_R_0_282_0"
"1062","B-HA_1105_aligned_483_R_0_364_0"
"1063","B-HA_947_aligned_492_R_0_268_0"
"1064","B-PB1_1727_aligned_501_F_0_191_0"
"1065","B-NP_1212_aligned_508_R_0_342_0"
"1066","B-NP_1069_aligned_515_R_0_166_0"
"1067","B-PB1_1680_aligned_523_F_0_311_0"
"1068","B-PB2_589_aligned_531_F_0_336_0"
"1069","B-HA_103_aligned_539_R_0_299_0"
"1070","B-MP_360_aligned_545_F_0_293_0"
"1071","B-PA_1056_aligned_554_R_0_389_0"
"1072","B-PB1_42_aligned_564_R_0_298_0"
"1073","B-NA_27_aligned_571_R_0_174_0"
"1074","B-PB2_1405_aligned_578_R_0_273_0"
"1075","B-PB2_1581_aligned_587_R_0_271_0"
"1076","B-NP_1185_aligned_596_F_0_316_0"
"1077","B-NA_505_aligned_604_R_0_134_0"
"1078","B-PB2_1157_aligned_612_F_0_206_0"
"1079","B-MP_168_aligned_620_R_0_267_0"
"1080","B-MP_88_aligned_628_F_0_116_0"
"1081","B-PB2_1131_aligned_636_R_0_292_0"
"1082","B-NA_651_aligned_644_R_0_263_0"
"1083","B-HA_587_aligned_651_F_0_276_0"
"1084","B-PA_1649_aligned_659_R_0_337_0"
"1085","B-NP_56_aligned_667_F_0_252_0"
"1086","B-MP_127_aligned_674_F_0_208_0"
"1087","B-PA_1527_aligned_682_F_0_248_0"
"1088","B-MP_189_aligned_689_F_0_214_0"
"1089","B-PB1_522_aligned_696_F_0_308_0"
"1090","B-PA_815_aligned_703_R_0_196_0"
"1091","B-HA_1420_aligned_711_R_0_155_0"
"1092","B-PB2_0_aligned_719_R_0_366_0"
"1093","B-MP_782_aligned_726_F_0_291_0"
"1094","B-HA_778_aligned_733_F_0_266_0"
"1095","B-NA_257_aligned_741_R_0_267_0"
"1096","B-PB2_1845_aligned_748_F_0_185_0"
"1097","B-MP_734_aligned_755_R_0_192_0"
"1098","B-PB2_954_aligned_761_F_0_300_0"
"1099","B-HA_698_aligned_768_R_0_266_0"
"1100","B-MP_543_aligned_777_R_0_204_0"
"1101","B-NA_890_aligned_784_F_0_178_0"
"1102","B-PB1_64_aligned_793_F_0_300_0"
"1103","B-PA_412_aligned_802_F_0_265_0"
"1104","B-PB2_1105_aligned_810_F_0_265_0"
"1105","B-HA_809_aligned_817_R_0_194_0"
"1106","B-NP_1433_aligned_825_R_0_141_0"
"1107","B-PB2_865_aligned_831_R_0_389_0"
"1108","B-PB2_1460_aligned_839_F_0_297_0"
"1109","B-PA_1527_aligned_847_F_0_172_0"
"1110","B-HA_183_aligned_858_R_0_256_0"
"1111","B-PB1_108_aligned_865_R_0_169_0"
"1112","B-PB1_1666_aligned_871_F_0_228_0"
"1113","B-HA_453_aligned_879_R_0_184_0"
"1114","B-PB2_745_aligned_887_F_0_193_0"
"1115","B-NA_859_aligned_894_R_0_358_0"
"1116","B-HA_130_aligned_904_R_0_397_0"
"1117","B-HA_206_aligned_911_R_0_192_0"
"1118","B-PA_1806_aligned_918_F_0_280_0"
"1119","B-NP_401_aligned_925_F_0_320_0"
"1120","B-NP_1017_aligned_932_F_0_359_0"
"1121","B-NP_625_aligned_939_F_0_206_0"
"1122","B-MP_317_aligned_947_R_0_199_0"
"1123","B-PB2_1194_aligned_955_F_0_217_0"
"1124","B-HA_1068_aligned_962_F_0_114_0"
"1125","B-PB2_956_aligned_969_F_0_284_0"
"1126","B-PB2_1679_aligned_976_R_0_179_0"
"1127","B-PB2_1292_aligned_983_R_0_189_0"
"1128","B-HA_172_aligned_990_F_0_261_0"
"1129","B-PA_389_aligned_997_R_0_277_0"
"1130","B-PA_241_aligned_1004_R_0_321_0"
"1131","B-NA_170_aligned_1012_F_0_246_0"
"1132","B-HA_53_aligned_1024_R_0_259_0"
"1133","B-NA_266_aligned_1033_R_0_304_0"
"1134","B-NA_452_aligned_1041_F_0_210_0"
"1135","B-PA_491_aligned_1050_F_0_196_0"
"1136","B-MP_419_aligned_1058_F_0_396_0"
"1137","B-MP_116_aligned_1066_F_0_260_0"
"1138","B-HA_126_aligned_1075_F_0_384_0"
"1139","B-MP_721_aligned_1084_F_0_180_0"
"1140","B-PB2_1416_aligned_1093_F_0_373_0"
"1141","B-NP_448_aligned_1102_R_0_350_0"
"1142","B-HA_1182_aligned_1110_F_0_387_0"
"1143","B-NP_702_aligned_1118_R_0_240_0"
"1144","B-MP_327_aligned_1126_F_0_273_0"
"1145","B-HA_1191_aligned_1134_R_0_292_0"
"1146","B-MP_690_aligned_1143_R_0_86_0"
"1147","B-PB2_1354_aligned_1151_F_0_157_0"
"1148","B-NP_971_aligned_1158_R_0_384_0"
"1149","B-HA_434_aligned_1165_F_0_386_0"
"1150","B-PB1_1517_aligned_1173_F_0_360_0"
"1151","B-PB2_112_aligned_1182_R_0_399_0"
"1152","B-NA_473_aligned_1191_F_0_351_0"
"1153","B-PA_1834_aligned_1201_R_0_251_0"
"1154","B-PA_1062_aligned_1209_F_0_208_0"
"1155","B-NA_950_aligned_1218_R_0_406_0"
"1156","B-NP_233_aligned_1226_R_0_102_0"
"1157","B-MP_742_aligned_1234_R_0_275_0"
"1158","B-NP_1273_aligned_1242_R_0_340_0"
"1159","B-PB1_1866_aligned_1250_F_0_141_0"
"1160","B-NP_874_aligned_1258_R_0_195_0"
"1161","B-NP_555_aligned_1265_R_0_251_0"
"1162","B-HA_947_aligned_1272_R_0_197_0"
"1163","B-PA_615_aligned_1280_F_0_274_0"
"1164","B-PB1_1265_aligned_1289_F_0_337_0"
"1165","B-PB1_958_aligned_1297_R_0_358_0"
"1166","B-PB2_1178_aligned_1305_R_0_351_0"
"1167","B-MP_714_aligned_1313_R_0_171_0"
"1168","B-HA_701_aligned_1320_R_0_271_0"
"1169","B-MP_752_aligned_1328_F_0_339_0"
"1170","B-PB1_603_aligned_1336_R_0_173_0"
"1171","B-NS_160_aligned_1344_F_0_308_0"
"1172","B-HA_31_aligned_1352_R_0_161_0"
"1173","B-NP_1148_aligned_1360_R_0_135_0"
"1174","B-MP_333_aligned_1367_F_0_253_0"
"1175","B-PB1_3_aligned_1375_R_0_303_0"
"1176","B-PA_1135_aligned_1383_F_0_355_0"
"1177","B-HA_1072_aligned_1391_R_0_352_0"
"1178","B-MP_108_aligned_1399_R_0_302_0"
"1179","B-PB2_408_aligned_1407_F_0_142_0"
"1180","B-PB1_1119_aligned_1415_F_0_236_0"
"1181","B-MP_756_aligned_1423_F_0_233_0"
"1182","B-PB1_1121_aligned_1431_R_0_400_0"
"1183","B-PB1_123_aligned_1439_R_0_188_0"
"1184","B-MP_622_aligned_1447_R_0_264_0"
"1185","B-PB1_1179_aligned_1455_R_0_278_0"
"1186","B-NP_704_aligned_1463_F_0_174_0"
"1187","B-PB1_1414_aligned_1471_F_0_313_0"
"1188","B-PA_1715_aligned_1479_F_0_269_0"
"1189","B-PB2_1503_aligned_1487_F_0_336_0"
"1190","B-PB1_778_aligned_1495_R_0_185_0"
"1191","B-NA_1063_aligned_1503_R_0_249_0"
"1192","B-PA_520_aligned_1512_F_0_287_0"
"1193","B-PB1_1601_aligned_1520_F_0_348_0"
"1194","B-PB2_1064_aligned_1527_F_0_110_0"
"1195","B-NA_1089_aligned_1535_F_0_269_0"
"1196","B-PB1_1160_aligned_1543_R_0_292_0"
"1197","B-NP_101_aligned_1551_R_0_321_0"
"1198","B-MP_198_aligned_1559_R_0_383_0"
"1199","B-PA_131_aligned_1567_R_0_305_0"
"1200","B-NP_1325_aligned_1576_R_0_140_0"
"1201","B-PB2_796_aligned_1583_F_0_173_0"
"1202","B-PB2_1509_aligned_1591_R_0_130_0"
"1203","B-HA_1318_aligned_1599_R_0_192_0"
"1204","B-PA_742_aligned_1607_R_0_304_0"
"1205","B-NP_1302_aligned_1615_R_0_250_0"
"1206","B-NA_954_aligned_1623_R_0_403_0"
"1207","B-NP_1263_aligned_1631_R_0_397_0"
"1208","B-PA_1461_aligned_1640_F_0_168_0"
"1209","B-PA_1249_aligned_1647_F_0_225_0"
"1210","B-HA_1070_aligned_1655_R_0_155_0"
"1211","B-NP_303_aligned_1663_R_0_204_0"
"1212","B-PB1_251_aligned_1671_F_0_145_0"
"1213","B-NP_1303_aligned_1679_R_0_360_0"
"1214","B-PB2_1500_aligned_1688_F_0_222_0"
"1215","B-PA_1744_aligned_1696_R_0_161_0"
"1216","B-PB1_1203_aligned_1702_F_0_229_0"
"1217","B-HA_222_aligned_1712_R_0_378_0"
"1218","B-PA_1692_aligned_1721_R_0_254_0"
"1219","B-PA_1712_aligned_1729_R_0_265_0"
"1220","B-NP_1147_aligned_1734_R_0_293_0"
"1221","B-PB2_1408_aligned_1745_F_0_377_0"
"1222","B-PB1_1641_aligned_1756_F_0_182_0"
"1223","B-PB1_1949_aligned_1766_R_0_264_0"
"1224","B-NS_65_aligned_1773_R_0_400_0"
"1225","B-PB2_1556_aligned_1780_R_0_270_0"
"1226","B-HA_1075_aligned_1789_F_0_209_0"
"1227","B-NP_911_aligned_1798_F_0_156_0"
"1228","B-PB2_1268_aligned_1807_F_0_224_0"
"1229","B-PB1_1340_aligned_1814_R_0_324_0"
"1230","B-NP_540_aligned_1825_R_0_370_0"
"1231","B-PB2_1448_aligned_1838_R_0_171_0"
"1232","B-NA_1138_aligned_1844_F_0_215_0"
"1233","B-PA_64_aligned_1852_F_0_394_0"
"1234","B-PB1_771_aligned_1861_R_0_369_0"
"1235","B-PA_1460_aligned_1877_F_0_260_0"
"1236","B-PB1_1124_aligned_1879_F_0_359_0"
"1237","B-NP_1360_aligned_1887_R_0_270_0"
"1238","B-NA_779_aligned_1895_R_0_189_0"
"1239","B-HA_1011_aligned_1903_R_0_362_0"
"1240","B-PB2_1760_aligned_1910_F_0_308_0"
"1241","B-PB1_292_aligned_1917_F_0_328_0"
"1242","B-PA_1242_aligned_1928_R_0_247_0"
"1243","B-NA_225_aligned_1935_R_0_363_0"
"1244","B-PA_1349_aligned_1941_R_0_190_0"
"1245","B-PB2_468_aligned_1948_F_0_347_0"
"1246","B-MP_118_aligned_1956_F_0_317_0"
"1247","B-PB1_1039_aligned_1964_R_0_175_0"
"1248","B-NA_516_aligned_1971_R_0_310_0"
"1249","B-PB1_1011_aligned_1979_F_0_273_0"
"1250","B-PA_249_aligned_1988_R_0_381_0"
"1251","B-PB1_1943_aligned_5_F_0_237_0"
"1252","B-PB2_1732_aligned_13_F_0_297_0"
"1253","B-PA_1831_aligned_21_R_0_200_0"
"1254","B-NP_749_aligned_29_F_0_330_0"
"1255","B-PB1_1326_aligned_37_R_0_382_0"
"1256","B-PA_1768_aligned_46_R_0_396_0"
"1257","B-NS_409_aligned_54_F_0_327_0"
"1258","B-PB2_343_aligned_62_F_0_150_0"
"1259","B-PB2_908_aligned_70_R_0_255_0"
"1260","B-PB1_1590_aligned_78_R_0_181_0"
"1261","B-NP_1258_aligned_86_F_0_179_0"
"1262","B-PB2_283_aligned_94_F_0_210_0"
"1263","B-MP_668_aligned_102_F_0_266_0"
"1264","B-NA_928_aligned_110_F_0_307_0"
"1265","B-PB1_597_aligned_118_R_0_161_0"
"1266","B-NP_724_aligned_126_R_0_249_0"
"1267","B-MP_769_aligned_134_R_0_216_0"
"1268","B-PA_1397_aligned_143_R_0_208_0"
"1269","B-NS_435_aligned_151_R_0_121_0"
"1270","B-PB1_1030_aligned_159_R_0_193_0"
"1271","B-PB2_1390_aligned_166_F_0_166_0"
"1272","B-MP_48_aligned_174_F_0_404_0"
"1273","B-PA_808_aligned_182_R_0_233_0"
"1274","B-PB2_1482_aligned_191_F_0_147_0"
"1275","B-PB2_1590_aligned_198_R_0_243_0"
"1276","B-NP_297_aligned_205_R_0_262_0"
"1277","B-NS_492_aligned_213_R_0_297_0"
"1278","B-NA_833_aligned_221_F_0_265_0"
"1279","B-PA_492_aligned_230_R_0_125_0"
"1280","B-PB1_357_aligned_238_F_0_108_0"
"1281","B-PB1_943_aligned_245_F_0_250_0"
"1282","B-NA_628_aligned_253_F_0_249_0"
"1283","B-NP_407_aligned_260_R_0_395_0"
"1284","B-MP_1_aligned_268_F_0_286_0"
"1285","B-PB1_1719_aligned_277_R_0_161_0"
"1286","B-PA_757_aligned_285_F_0_313_0"
"1287","B-NS_318_aligned_293_R_0_183_0"
"1288","B-PA_1472_aligned_301_F_0_261_0"
"1289","B-PB2_681_aligned_309_R_0_346_0"
"1290","B-MP_75_aligned_319_R_0_147_0"
"1291","B-HA_994_aligned_327_F_0_246_0"
"1292","B-PB2_956_aligned_335_R_0_327_0"
"1293","B-NP_191_aligned_342_F_0_376_0"
"1294","B-PA_89_aligned_348_R_0_339_0"
"1295","B-PA_982_aligned_361_F_0_272_0"
"1296","B-PB2_841_aligned_366_F_0_378_0"
"1297","B-HA_525_aligned_376_R_0_374_0"
"1298","B-NP_93_aligned_383_F_0_120_0"
"1299","B-HA_55_aligned_391_F_0_294_0"
"1300","B-PA_777_aligned_399_F_0_261_0"
"1301","B-NS_497_aligned_406_F_0_198_0"
"1302","B-PB2_885_aligned_412_F_0_247_0"
"1303","B-NP_821_aligned_419_R_0_80_0"
"1304","B-PA_630_aligned_427_F_0_187_0"
"1305","B-PB2_1847_aligned_440_R_0_292_0"
"1306","B-NP_1229_aligned_447_F_0_334_0"
"1307","B-PA_1762_aligned_455_F_0_223_0"
"1308","B-PA_1188_aligned_462_R_0_389_0"
"1309","B-PB1_666_aligned_470_R_0_118_0"
"1310","B-PB1_1819_aligned_477_F_0_188_0"
"1311","B-PB1_1220_aligned_485_R_0_338_0"
"1312","B-PA_823_aligned_493_R_0_193_0"
"1313","B-PA_1669_aligned_500_R_0_241_0"
"1314","B-PB2_291_aligned_510_R_0_315_0"
"1315","B-NS_755_aligned_518_F_0_225_0"
"1316","B-HA_1485_aligned_530_F_0_207_0"
"1317","B-NA_159_aligned_538_R_0_257_0"
"1318","B-NP_81_aligned_544_R_0_338_0"
"1319","B-NP_672_aligned_552_R_0_354_0"
"1320","B-PB2_1368_aligned_560_R_0_151_0"
"1321","B-NP_1072_aligned_567_F_0_336_0"
"1322","B-PB2_1790_aligned_575_F_0_354_0"
"1323","B-HA_323_aligned_583_R_0_287_0"
"1324","B-PB1_1506_aligned_590_R_0_214_0"
"1325","B-PA_1019_aligned_600_F_0_258_0"
"1326","B-NA_53_aligned_606_F_0_328_0"
"1327","B-NP_374_aligned_613_F_0_302_0"
"1328","B-HA_1191_aligned_622_R_0_149_0"
"1329","B-NA_1157_aligned_630_F_0_229_0"
"1330","B-HA_448_aligned_637_F_0_239_0"
"1331","B-PB2_896_aligned_645_F_0_166_0"
"1332","B-PB1_1000_aligned_653_F_0_285_0"
"1333","B-NA_980_aligned_661_R_0_201_0"
"1334","B-PB2_1759_aligned_669_R_0_164_0"
"1335","B-NA_253_aligned_676_F_0_338_0"
"1336","B-HA_777_aligned_685_F_0_281_0"
"1337","B-PA_1004_aligned_695_F_0_240_0"
"1338","B-NP_207_aligned_701_R_0_321_0"
"1339","B-PA_254_aligned_709_R_0_341_0"
"1340","B-PB2_254_aligned_717_R_0_234_0"
"1341","B-HA_762_aligned_727_F_0_127_0"
"1342","B-HA_1191_aligned_735_F_0_315_0"
"1343","B-PA_367_aligned_743_R_0_197_0"
"1344","B-NA_950_aligned_750_R_0_222_0"
"1345","B-PB2_30_aligned_758_F_0_352_0"
"1346","B-NP_488_aligned_764_F_0_201_0"
"1347","B-PB2_1273_aligned_772_R_0_227_0"
"1348","B-HA_746_aligned_779_R_0_205_0"
"1349","B-HA_302_aligned_788_R_0_281_0"
"1350","B-PB2_971_aligned_798_R_0_188_0"
"1351","B-NP_549_aligned_807_R_0_329_0"
"1352","B-PA_1315_aligned_814_R_0_339_0"
"1353","B-PA_1898_aligned_822_R_0_275_0"
"1354","B-PB2_686_aligned_834_F_0_187_0"
"1355","B-MP_195_aligned_842_R_0_152_0"
"1356","B-HA_994_aligned_848_R_0_246_0"
"1357","B-NP_430_aligned_856_F_0_265_0"
"1358","B-PA_661_aligned_866_F_0_192_0"
"1359","B-PA_1572_aligned_874_F_0_102_0"
"1360","B-HA_719_aligned_881_R_0_350_0"
"1361","B-PB1_865_aligned_889_F_0_221_0"
"1362","B-MP_456_aligned_900_F_0_209_0"
"1363","B-NA_872_aligned_907_R_0_196_0"
"1364","B-PA_1026_aligned_917_R_0_222_0"
"1365","B-NP_692_aligned_926_R_0_337_0"
"1366","B-NA_143_aligned_933_R_0_268_0"
"1367","B-HA_838_aligned_942_R_0_294_0"
"1368","B-NA_87_aligned_951_R_0_143_0"
"1369","B-PB2_696_aligned_958_F_0_260_0"
"1370","B-MP_889_aligned_967_R_0_212_0"
"1371","B-HA_1475_aligned_975_R_0_260_0"
"1372","B-PA_203_aligned_982_R_0_254_0"
"1373","B-NP_1010_aligned_989_F_0_222_0"
"1374","B-NS_660_aligned_1000_F_0_212_0"
"1375","B-MP_553_aligned_1008_F_0_271_0"
"1376","B-PB1_777_aligned_1017_F_0_174_0"
"1377","B-PB2_2081_aligned_1022_R_0_204_0"
"1378","B-PB1_1556_aligned_1029_F_0_321_0"
"1379","B-PB1_1031_aligned_1037_F_0_390_0"
"1380","B-PB2_241_aligned_1046_R_0_262_0"
"1381","B-PA_1470_aligned_1053_R_0_197_0"
"1382","B-NS_376_aligned_1062_R_0_316_0"
"1383","B-PB1_1914_aligned_1069_F_0_132_0"
"1384","B-PB2_1019_aligned_1078_R_0_202_0"
"1385","B-PB1_709_aligned_1086_F_0_348_0"
"1386","B-PB1_1787_aligned_1095_R_0_388_0"
"1387","B-NA_357_aligned_1101_R_0_375_0"
"1388","B-PB1_397_aligned_1111_F_0_230_0"
"1389","B-NA_616_aligned_1122_F_0_367_0"
"1390","B-PA_1045_aligned_1130_F_0_329_0"
"1391","B-NA_683_aligned_1138_R_0_294_0"
"1392","B-NA_930_aligned_1146_F_0_379_0"
"1393","B-NS_723_aligned_1154_R_0_280_0"
"1394","B-PB1_723_aligned_1162_R_0_135_0"
"1395","B-HA_499_aligned_1170_F_0_323_0"
"1396","B-PA_1619_aligned_1178_F_0_365_0"
"1397","B-NP_1237_aligned_1187_R_0_265_0"
"1398","B-NS_706_aligned_1195_F_0_233_0"
"1399","B-NS_202_aligned_1203_R_0_201_0"
"1400","B-HA_634_aligned_1211_R_0_262_0"
"1401","B-HA_962_aligned_1219_R_0_266_0"
"1402","B-PB1_388_aligned_1227_F_0_133_0"
"1403","B-MP_168_aligned_1235_R_0_139_0"
"1404","B-NP_901_aligned_1243_F_0_174_0"
"1405","B-PB1_1750_aligned_1251_R_0_217_0"
"1406","B-PB1_944_aligned_1259_R_0_192_0"
"1407","B-PB1_806_aligned_1267_F_0_245_0"
"1408","B-HA_486_aligned_1275_F_0_249_0"
"1409","B-HA_1499_aligned_1283_F_0_146_0"
"1410","B-NP_172_aligned_1291_F_0_256_0"
"1411","B-HA_1442_aligned_1299_R_0_267_0"
"1412","B-MP_279_aligned_1307_F_0_398_0"
"1413","B-HA_38_aligned_1315_R_0_386_0"
"1414","B-PB2_398_aligned_1323_F_0_351_0"
"1415","B-HA_1071_aligned_1331_R_0_209_0"
"1416","B-NA_511_aligned_1339_R_0_371_0"
"1417","B-PA_619_aligned_1347_F_0_288_0"
"1418","B-NA_413_aligned_1355_F_0_202_0"
"1419","B-PA_563_aligned_1363_F_0_218_0"
"1420","B-PA_940_aligned_1371_R_0_120_0"
"1421","B-MP_467_aligned_1379_F_0_155_0"
"1422","B-NA_219_aligned_1386_F_0_184_0"
"1423","B-NS_540_aligned_1394_F_0_282_0"
"1424","B-PB2_1259_aligned_1403_F_0_384_0"
"1425","B-HA_505_aligned_1411_R_0_266_0"
"1426","B-NA_758_aligned_1420_F_0_395_0"
"1427","B-PA_1112_aligned_1428_F_0_364_0"
"1428","B-PB1_298_aligned_1434_F_0_146_0"
"1429","B-PA_939_aligned_1441_F_0_211_0"
"1430","B-HA_793_aligned_1449_R_0_208_0"
"1431","B-NP_939_aligned_1457_R_0_174_0"
"1432","B-NS_774_aligned_1465_R_0_161_0"
"1433","B-PA_1729_aligned_1473_F_0_157_0"
"1434","B-PA_1349_aligned_1482_R_0_321_0"
"1435","B-PA_426_aligned_1490_F_0_226_0"
"1436","B-PA_1084_aligned_1497_F_0_137_0"
"1437","B-NA_968_aligned_1505_F_0_350_0"
"1438","B-PB1_835_aligned_1514_F_0_168_0"
"1439","B-PB1_1358_aligned_1521_F_0_148_0"
"1440","B-NA_437_aligned_1529_R_0_322_0"
"1441","B-PB1_667_aligned_1537_R_0_163_0"
"1442","B-PB2_1243_aligned_1545_F_0_131_0"
"1443","B-NA_1019_aligned_1553_F_0_343_0"
"1444","B-PB2_454_aligned_1561_F_0_219_0"
"1445","B-NS_457_aligned_1569_R_0_106_0"
"1446","B-PB2_964_aligned_1577_R_0_399_0"
"1447","B-PB1_711_aligned_1585_F_0_377_0"
"1448","B-NA_625_aligned_1593_F_0_100_0"
"1449","B-PA_1916_aligned_1601_R_0_245_0"
"1450","B-NP_290_aligned_1609_R_0_323_0"
"1451","B-HA_695_aligned_1616_R_0_149_0"
"1452","B-MP_881_aligned_1625_F_0_225_0"
"1453","B-PB1_1216_aligned_1633_F_0_265_0"
"1454","B-PB1_1050_aligned_1642_R_0_346_0"
"1455","B-NA_286_aligned_1651_F_0_391_0"
"1456","B-MP_68_aligned_1659_F_0_144_0"
"1457","B-PA_740_aligned_1667_F_0_249_0"
"1458","B-HA_338_aligned_1674_F_0_122_0"
"1459","B-NP_1120_aligned_1681_R_0_382_0"
"1460","B-PB1_1164_aligned_1689_R_0_102_0"
"1461","B-PB2_445_aligned_1694_R_0_158_0"
"1462","B-PB1_1570_aligned_1700_R_0_218_0"
"1463","B-NA_173_aligned_1708_F_0_364_0"
"1464","B-NP_877_aligned_1718_F_0_277_0"
"1465","B-NP_813_aligned_1728_F_0_190_0"
"1466","B-NA_993_aligned_1737_R_0_311_0"
"1467","B-NA_994_aligned_1746_R_0_378_0"
"1468","B-PB2_1410_aligned_1753_F_0_91_0"
"1469","B-HA_992_aligned_1760_F_0_367_0"
"1470","B-HA_1355_aligned_1771_R_0_275_0"
"1471","B-HA_642_aligned_1779_F_0_268_0"
"1472","B-NA_74_aligned_1787_R_0_395_0"
"1473","B-NP_1249_aligned_1795_F_0_276_0"
"1474","B-HA_993_aligned_1801_F_0_404_0"
"1475","B-NP_848_aligned_1810_F_0_384_0"
"1476","B-PB1_1865_aligned_1815_F_0_307_0"
"1477","B-PB1_370_aligned_1822_R_0_324_0"
"1478","B-HA_1190_aligned_1831_F_0_281_0"
"1479","B-PA_263_aligned_1839_F_0_278_0"
"1480","B-MP_950_aligned_1847_R_0_173_0"
"1481","B-PB2_143_aligned_1854_F_0_245_0"
"1482","B-PB2_1035_aligned_1860_R_0_205_0"
"1483","B-PB1_1705_aligned_1865_R_0_180_0"
"1484","B-PB1_1792_aligned_1872_F_0_196_0"
"1485","B-PA_1137_aligned_1885_F_0_325_0"
"1486","B-NP_915_aligned_1892_R_0_285_0"
"1487","B-NA_997_aligned_1900_F_0_278_0"
"1488","B-MP_356_aligned_1911_R_0_187_0"
"1489","B-HA_1030_aligned_1919_R_0_171_0"
"1490","B-PB2_1350_aligned_1923_R_0_339_0"
"1491","B-PA_1761_aligned_1931_F_0_391_0"
"1492","B-HA_536_aligned_1939_F_0_311_0"
"1493","B-PA_722_aligned_1951_R_0_321_0"
"1494","B-PB2_1430_aligned_1960_R_0_214_0"
"1495","B-HA_1210_aligned_1970_F_0_304_0"
"1496","B-PA_1979_aligned_1978_F_0_200_0"
"1497","B-PA_794_aligned_1985_R_0_239_0"
"1498","B-PB2_985_aligned_1991_F_0_196_0"
"1499","B-PB1_225_aligned_1996_F_0_176_0"
"1500","B-HA_645_aligned_1999_F_0_224_0"
"1501","B-HA_494_aligned_6_R_0_177_0"
"1502","B-NP_1008_aligned_14_F_0_218_0"
"1503","B-PB2_1845_aligned_22_R_0_151_0"
"1504","B-PB2_1780_aligned_30_R_0_255_0"
"1505","B-PA_1527_aligned_38_R_0_329_0"
"1506","B-PA_228_aligned_45_R_0_110_0"
"1507","B-NP_69_aligned_53_R_0_370_0"
"1508","B-PA_727_aligned_61_F_0_202_0"
"1509","B-NS_339_aligned_69_R_0_257_0"
"1510","B-MP_668_aligned_77_F_0_286_0"
"1511","B-NA_1138_aligned_85_F_0_212_0"
"1512","B-NA_105_aligned_93_F_0_101_0"
"1513","B-NA_435_aligned_101_R_0_280_0"
"1514","B-PB1_217_aligned_109_F_0_311_0"
"1515","B-PB1_1849_aligned_117_F_0_157_0"
"1516","B-HA_825_aligned_125_F_0_260_0"
"1517","B-NS_7_aligned_133_F_0_134_0"
"1518","B-NS_568_aligned_141_R_0_256_0"
"1519","B-MP_179_aligned_149_R_0_253_0"
"1520","B-NA_774_aligned_157_F_0_367_0"
"1521","B-PB1_1976_aligned_164_R_0_106_0"
"1522","B-PB1_1193_aligned_172_R_0_75_0"
"1523","B-HA_1334_aligned_179_F_0_179_0"
"1524","B-PB2_1613_aligned_189_R_0_290_0"
"1525","B-PB2_998_aligned_201_F_0_389_0"
"1526","B-HA_414_aligned_210_F_0_324_0"
"1527","B-MP_207_aligned_217_F_0_139_0"
"1528","B-PB1_620_aligned_225_F_0_292_0"
"1529","B-PB2_1451_aligned_233_F_0_269_0"
"1530","B-NA_821_aligned_241_F_0_360_0"
"1531","B-MP_326_aligned_248_R_0_312_0"
"1532","B-NA_364_aligned_256_F_0_390_0"
"1533","B-PB1_895_aligned_267_F_0_241_0"
"1534","B-PA_481_aligned_275_F_0_178_0"
"1535","B-HA_360_aligned_281_R_0_134_0"
"1536","B-PB2_946_aligned_288_F_0_275_0"
"1537","B-PA_1797_aligned_298_F_0_272_0"
"1538","B-PB2_1591_aligned_307_F_0_330_0"
"1539","B-PB2_1390_aligned_315_R_0_391_0"
"1540","B-PA_1183_aligned_323_R_0_141_0"
"1541","B-PA_1908_aligned_331_F_0_179_0"
"1542","B-HA_529_aligned_339_R_0_311_0"
"1543","B-PB1_599_aligned_347_R_0_269_0"
"1544","B-PB1_61_aligned_355_R_0_317_0"
"1545","B-PB1_780_aligned_363_R_0_201_0"
"1546","B-PA_1265_aligned_371_F_0_132_0"
"1547","B-PA_516_aligned_379_R_0_376_0"
"1548","B-PB2_1758_aligned_387_R_0_203_0"
"1549","B-PA_1647_aligned_393_R_0_368_0"
"1550","B-PB1_809_aligned_401_F_0_337_0"
"1551","B-HA_939_aligned_408_R_0_236_0"
"1552","B-PA_1741_aligned_417_R_0_380_0"
"1553","B-PB2_1191_aligned_422_F_0_212_0"
"1554","B-PB2_616_aligned_430_R_0_313_0"
"1555","B-HA_717_aligned_437_F_0_294_0"
"1556","B-PB1_1944_aligned_444_F_0_307_0"
"1557","B-MP_460_aligned_454_R_0_363_0"
"1558","B-HA_1356_aligned_464_R_0_172_0"
"1559","B-PA_1483_aligned_471_R_0_374_0"
"1560","B-NS_37_aligned_482_F_0_405_0"
"1561","B-PA_1180_aligned_490_F_0_246_0"
"1562","B-PB2_590_aligned_499_R_0_390_0"
"1563","B-HA_14_aligned_506_F_0_276_0"
"1564","B-PA_21_aligned_513_F_0_187_0"
"1565","B-NA_533_aligned_522_R_0_368_0"
"1566","B-NS_258_aligned_529_R_0_198_0"
"1567","B-NA_971_aligned_537_R_0_243_0"
"1568","B-PA_583_aligned_543_F_0_166_0"
"1569","B-NP_368_aligned_551_R_0_332_0"
"1570","B-PB1_945_aligned_559_R_0_236_0"
"1571","B-PB2_68_aligned_568_R_0_353_0"
"1572","B-NP_129_aligned_576_F_0_375_0"
"1573","B-PA_453_aligned_585_R_0_267_0"
"1574","B-NP_57_aligned_593_F_0_195_0"
"1575","B-PB2_223_aligned_601_R_0_389_0"
"1576","B-PB2_1541_aligned_609_R_0_305_0"
"1577","B-HA_1033_aligned_615_R_0_380_0"
"1578","B-NP_120_aligned_623_F_0_299_0"
"1579","B-PB1_1216_aligned_631_R_0_196_0"
"1580","B-NP_293_aligned_638_F_0_196_0"
"1581","B-PB2_1774_aligned_646_R_0_132_0"
"1582","B-HA_1349_aligned_654_R_0_155_0"
"1583","B-NS_424_aligned_662_F_0_296_0"
"1584","B-PA_735_aligned_670_F_0_207_0"
"1585","B-PB2_1852_aligned_678_R_0_310_0"
"1586","B-PA_111_aligned_687_R_0_223_0"
"1587","B-NP_1229_aligned_692_F_0_160_0"
"1588","B-PA_1449_aligned_704_F_0_268_0"
"1589","B-HA_1424_aligned_710_R_0_174_0"
"1590","B-PB1_1257_aligned_718_F_0_375_0"
"1591","B-PB1_1613_aligned_725_F_0_162_0"
"1592","B-NP_335_aligned_731_R_0_288_0"
"1593","B-NS_242_aligned_738_F_0_271_0"
"1594","B-PA_505_aligned_746_F_0_383_0"
"1595","B-MP_199_aligned_757_R_0_123_0"
"1596","B-NP_1231_aligned_765_F_0_323_0"
"1597","B-NS_90_aligned_774_F_0_195_0"
"1598","B-PB1_1229_aligned_782_F_0_239_0"
"1599","B-PB2_1880_aligned_789_R_0_334_0"
"1600","B-NP_970_aligned_796_R_0_294_0"
"1601","B-NP_99_aligned_804_R_0_138_0"
"1602","B-PB2_1257_aligned_812_F_0_121_0"
"1603","B-PA_1374_aligned_820_F_0_252_0"
"1604","B-PA_308_aligned_830_F_0_289_0"
"1605","B-PB1_770_aligned_838_R_0_375_0"
"1606","B-NP_690_aligned_846_F_0_185_0"
"1607","B-PB2_339_aligned_853_R_0_365_0"
"1608","B-PA_254_aligned_861_R_0_261_0"
"1609","B-PB2_21_aligned_869_F_0_372_0"
"1610","B-NA_1_aligned_877_F_0_397_0"
"1611","B-HA_300_aligned_884_R_0_266_0"
"1612","B-NS_284_aligned_892_R_0_210_0"
"1613","B-NP_368_aligned_898_R_0_203_0"
"1614","B-PA_185_aligned_905_F_0_145_0"
"1615","B-MP_378_aligned_913_F_0_226_0"
"1616","B-MP_199_aligned_922_R_0_234_0"
"1617","B-PA_527_aligned_934_F_0_144_0"
"1618","B-PB2_1917_aligned_941_F_0_340_0"
"1619","B-NP_1241_aligned_949_F_0_175_0"
"1620","B-PB1_458_aligned_956_R_0_150_0"
"1621","B-PB1_598_aligned_963_R_0_193_0"
"1622","B-PA_1347_aligned_971_F_0_293_0"
"1623","B-PA_896_aligned_979_F_0_172_0"
"1624","B-HA_792_aligned_992_R_0_271_0"
"1625","B-NA_281_aligned_998_F_0_333_0"
"1626","B-HA_68_aligned_1005_F_0_267_0"
"1627","B-NP_669_aligned_1013_F_0_221_0"
"1628","B-PA_1331_aligned_1026_R_0_141_0"
"1629","B-NA_120_aligned_1034_R_0_192_0"
"1630","B-PA_555_aligned_1043_R_0_175_0"
"1631","B-PB2_1933_aligned_1049_F_0_210_0"
"1632","B-NA_141_aligned_1057_R_0_173_0"
"1633","B-PA_1065_aligned_1063_F_0_243_0"
"1634","B-PA_346_aligned_1073_F_0_315_0"
"1635","B-MP_791_aligned_1081_R_0_91_0"
"1636","B-HA_589_aligned_1089_R_0_194_0"
"1637","B-MP_235_aligned_1097_R_0_386_0"
"1638","B-PB1_1419_aligned_1105_F_0_231_0"
"1639","B-PA_611_aligned_1113_F_0_166_0"
"1640","B-PA_142_aligned_1120_F_0_385_0"
"1641","B-PB1_1203_aligned_1128_R_0_158_0"
"1642","B-PA_1664_aligned_1136_R_0_184_0"
"1643","B-PB1_530_aligned_1144_R_0_90_0"
"1644","B-NP_728_aligned_1150_F_0_257_0"
"1645","B-HA_373_aligned_1156_R_0_247_0"
"1646","B-MP_305_aligned_1166_R_0_320_0"
"1647","B-NP_441_aligned_1175_R_0_118_0"
"1648","B-HA_140_aligned_1185_R_0_272_0"
"1649","B-NA_86_aligned_1193_R_0_297_0"
"1650","B-PB2_232_aligned_1200_R_0_369_0"
"1651","B-PA_1616_aligned_1207_F_0_243_0"
"1652","B-HA_906_aligned_1216_F_0_178_0"
"1653","B-NP_857_aligned_1222_F_0_189_0"
"1654","B-PA_837_aligned_1230_F_0_304_0"
"1655","B-PB2_1359_aligned_1237_F_0_138_0"
"1656","B-PA_1551_aligned_1245_F_0_145_0"
"1657","B-HA_811_aligned_1253_F_0_202_0"
"1658","B-NA_659_aligned_1261_F_0_391_0"
"1659","B-HA_1207_aligned_1269_R_0_316_0"
"1660","B-NA_595_aligned_1277_R_0_153_0"
"1661","B-HA_569_aligned_1285_R_0_394_0"
"1662","B-NP_844_aligned_1294_R_0_272_0"
"1663","B-PA_1753_aligned_1301_F_0_248_0"
"1664","B-PB1_364_aligned_1309_R_0_236_0"
"1665","B-NA_235_aligned_1317_R_0_282_0"
"1666","B-NP_1064_aligned_1326_F_0_157_0"
"1667","B-NA_103_aligned_1334_F_0_327_0"
"1668","B-PB1_1623_aligned_1342_F_0_230_0"
"1669","B-PB2_680_aligned_1350_F_0_100_0"
"1670","B-MP_584_aligned_1358_R_0_184_0"
"1671","B-NP_672_aligned_1366_R_0_193_0"
"1672","B-PB1_1183_aligned_1374_R_0_356_0"
"1673","B-PA_1336_aligned_1382_R_0_214_0"
"1674","B-HA_552_aligned_1390_R_0_176_0"
"1675","B-PB2_509_aligned_1398_F_0_319_0"
"1676","B-NP_1414_aligned_1406_F_0_268_0"
"1677","B-PB1_330_aligned_1414_F_0_379_0"
"1678","B-PB2_632_aligned_1422_F_0_304_0"
"1679","B-PB2_1094_aligned_1430_F_0_363_0"
"1680","B-MP_328_aligned_1438_F_0_389_0"
"1681","B-PA_229_aligned_1446_F_0_141_0"
"1682","B-PB2_1526_aligned_1454_R_0_246_0"
"1683","B-PB2_1424_aligned_1462_F_0_377_0"
"1684","B-PB1_1797_aligned_1469_R_0_350_0"
"1685","B-PA_1082_aligned_1478_R_0_191_0"
"1686","B-PA_1705_aligned_1486_R_0_176_0"
"1687","B-PB1_1324_aligned_1494_F_0_321_0"
"1688","B-PB2_777_aligned_1502_R_0_188_0"
"1689","B-PB1_1685_aligned_1510_R_0_153_0"
"1690","B-PA_28_aligned_1518_F_0_153_0"
"1691","B-PB1_193_aligned_1526_R_0_162_0"
"1692","B-PB2_988_aligned_1532_R_0_199_0"
"1693","B-NA_649_aligned_1540_F_0_269_0"
"1694","B-NA_18_aligned_1548_R_0_240_0"
"1695","B-PA_678_aligned_1556_R_0_217_0"
"1696","B-PA_1424_aligned_1564_F_0_363_0"
"1697","B-PB2_991_aligned_1573_R_0_404_0"
"1698","B-PB1_572_aligned_1581_F_0_152_0"
"1699","B-NA_355_aligned_1589_R_0_385_0"
"1700","B-PB1_1866_aligned_1597_R_0_340_0"
"1701","B-PB2_686_aligned_1605_R_0_373_0"
"1702","B-NA_674_aligned_1613_F_0_220_0"
"1703","B-NP_962_aligned_1621_R_0_249_0"
"1704","B-NA_471_aligned_1629_F_0_274_0"
"1705","B-HA_1580_aligned_1637_F_0_95_0"
"1706","B-MP_326_aligned_1645_F_0_291_0"
"1707","B-HA_1085_aligned_1653_R_0_311_0"
"1708","B-PB2_1_aligned_1661_R_0_244_0"
"1709","B-PB1_1989_aligned_1669_R_0_170_0"
"1710","B-PB1_51_aligned_1676_R_0_232_0"
"1711","B-PB2_1487_aligned_1684_R_0_318_0"
"1712","B-PB1_942_aligned_1693_R_0_238_0"
"1713","B-PA_1480_aligned_1706_R_0_177_0"
"1714","B-PB2_153_aligned_1715_F_0_210_0"
"1715","B-NP_280_aligned_1724_F_0_283_0"
"1716","B-PB2_566_aligned_1732_R_0_331_0"
"1717","B-PB1_606_aligned_1738_F_0_153_0"
"1718","B-NP_151_aligned_1744_R_0_117_0"
"1719","B-NS_838_aligned_1751_F_0_195_0"
"1720","B-PB2_12_aligned_1758_F_0_69_0"
"1721","B-HA_974_aligned_1765_F_0_406_0"
"1722","B-HA_1159_aligned_1772_F_0_158_0"
"1723","B-PB2_922_aligned_1782_R_0_372_0"
"1724","B-HA_403_aligned_1791_R_0_243_0"
"1725","B-PB1_1202_aligned_1800_R_0_137_0"
"1726","B-PA_1014_aligned_1808_F_0_346_0"
"1727","B-PB1_752_aligned_1817_F_0_258_0"
"1728","B-PB1_1123_aligned_1827_R_0_126_0"
"1729","B-PB1_1887_aligned_1834_F_0_332_0"
"1730","B-PA_779_aligned_1843_R_0_276_0"
"1731","B-PB1_783_aligned_1850_R_0_288_0"
"1732","B-PB2_44_aligned_1858_F_0_402_0"
"1733","B-NP_867_aligned_1864_R_0_123_0"
"1734","B-PB2_0_aligned_1870_R_0_268_0"
"1735","B-PB2_2094_aligned_1884_F_0_165_0"
"1736","B-PB1_901_aligned_1893_F_0_257_0"
"1737","B-PB1_293_aligned_1901_R_0_183_0"
"1738","B-HA_1366_aligned_1908_R_0_285_0"
"1739","B-PB2_1023_aligned_1920_F_0_231_0"
"1740","B-PB2_424_aligned_1927_F_0_196_0"
"1741","B-PA_1765_aligned_1933_F_0_280_0"
"1742","B-PA_48_aligned_1943_R_0_393_0"
"1743","B-NA_156_aligned_1954_F_0_263_0"
"1744","B-PB2_1399_aligned_1962_R_0_359_0"
"1745","B-PB1_1131_aligned_1969_F_0_360_0"
"1746","B-MP_758_aligned_1977_F_0_258_0"
"1747","B-MP_158_aligned_1984_R_0_149_0"
"1748","B-PA_30_aligned_1989_F_0_82_0"
"1749","B-PB2_1263_aligned_1994_R_0_203_0"
"1750","B-NP_1466_aligned_1998_F_0_152_0"
"1751","B-PB1_1091_aligned_7_F_0_318_0"
"1752","B-PB2_649_aligned_17_F_0_293_0"
"1753","B-NS_424_aligned_25_R_0_342_0"
"1754","B-PB1_600_aligned_33_R_0_170_0"
"1755","B-PA_94_aligned_41_F_0_304_0"
"1756","B-NA_426_aligned_49_F_0_385_0"
"1757","B-NP_303_aligned_57_R_0_284_0"
"1758","B-NP_179_aligned_65_R_0_191_0"
"1759","B-MP_31_aligned_73_F_0_264_0"
"1760","B-PB2_1539_aligned_80_R_0_216_0"
"1761","B-PB1_617_aligned_88_R_0_334_0"
"1762","B-NS_153_aligned_96_R_0_274_0"
"1763","B-PB2_979_aligned_104_R_0_188_0"
"1764","B-PA_1182_aligned_113_F_0_309_0"
"1765","B-NA_127_aligned_121_F_0_191_0"
"1766","B-PB1_1192_aligned_129_R_0_243_0"
"1767","B-HA_262_aligned_137_F_0_183_0"
"1768","B-PA_1157_aligned_146_R_0_348_0"
"1769","B-PB1_1575_aligned_154_R_0_248_0"
"1770","B-HA_1519_aligned_161_R_0_235_0"
"1771","B-NA_462_aligned_169_F_0_372_0"
"1772","B-NS_556_aligned_175_F_0_331_0"
"1773","B-HA_911_aligned_185_F_0_364_0"
"1774","B-NP_1064_aligned_193_F_0_262_0"
"1775","B-HA_443_aligned_200_F_0_311_0"
"1776","B-PB1_987_aligned_207_R_0_255_0"
"1777","B-PB1_140_aligned_216_R_0_233_0"
"1778","B-PB2_67_aligned_224_F_0_54_0"
"1779","B-HA_470_aligned_232_F_0_133_0"
"1780","B-HA_1084_aligned_240_F_0_378_0"
"1781","B-PA_342_aligned_247_F_0_312_0"
"1782","B-PB2_925_aligned_255_F_0_178_0"
"1783","B-HA_35_aligned_262_R_0_206_0"
"1784","B-PA_1378_aligned_269_F_0_327_0"
"1785","B-NP_833_aligned_276_F_0_218_0"
"1786","B-PB2_1072_aligned_284_R_0_243_0"
"1787","B-NP_396_aligned_295_R_0_395_0"
"1788","B-PB2_214_aligned_302_F_0_141_0"
"1789","B-PA_373_aligned_310_F_0_396_0"
"1790","B-PB2_1302_aligned_321_R_0_233_0"
"1791","B-PB2_1064_aligned_328_F_0_173_0"
"1792","B-HA_224_aligned_336_F_0_390_0"
"1793","B-HA_1299_aligned_344_R_0_327_0"
"1794","B-NP_921_aligned_351_F_0_389_0"
"1795","B-NA_733_aligned_358_F_0_387_0"
"1796","B-PB1_451_aligned_365_F_0_290_0"
"1797","B-NP_302_aligned_372_R_0_381_0"
"1798","B-PA_1365_aligned_380_R_0_298_0"
"1799","B-PA_1388_aligned_388_F_0_233_0"
"1800","B-NS_157_aligned_396_R_0_304_0"
"1801","B-PB2_627_aligned_403_R_0_280_0"
"1802","B-HA_96_aligned_415_F_0_332_0"
"1803","B-NS_134_aligned_421_F_0_259_0"
"1804","B-MP_115_aligned_428_R_0_390_0"
"1805","B-PB1_1359_aligned_435_R_0_222_0"
"1806","B-MP_157_aligned_445_R_0_184_0"
"1807","B-NA_991_aligned_452_R_0_156_0"
"1808","B-PA_582_aligned_461_F_0_227_0"
"1809","B-PB1_664_aligned_469_R_0_380_0"
"1810","B-PB1_607_aligned_476_R_0_222_0"
"1811","B-HA_1567_aligned_484_R_0_179_0"
"1812","B-PB2_92_aligned_491_F_0_180_0"
"1813","B-NA_281_aligned_498_F_0_338_0"
"1814","B-PA_1841_aligned_507_R_0_278_0"
"1815","B-MP_215_aligned_516_F_0_145_0"
"1816","B-MP_718_aligned_525_R_0_228_0"
"1817","B-HA_1281_aligned_533_R_0_384_0"
"1818","B-NA_789_aligned_540_R_0_169_0"
"1819","B-HA_1000_aligned_546_F_0_277_0"
"1820","B-PB1_789_aligned_553_R_0_352_0"
"1821","B-NP_770_aligned_561_F_0_217_0"
"1822","B-NS_614_aligned_570_R_0_257_0"
"1823","B-PB1_1215_aligned_579_R_0_207_0"
"1824","B-HA_1157_aligned_586_F_0_215_0"
"1825","B-PB1_1493_aligned_594_R_0_161_0"
"1826","B-PA_180_aligned_602_F_0_373_0"
"1827","B-HA_1490_aligned_610_F_0_212_0"
"1828","B-PB1_1315_aligned_618_R_0_359_0"
"1829","B-PB1_871_aligned_626_F_0_328_0"
"1830","B-NA_28_aligned_633_R_0_370_0"
"1831","B-PB1_1134_aligned_640_F_0_394_0"
"1832","B-PA_997_aligned_647_F_0_368_0"
"1833","B-NA_793_aligned_657_R_0_318_0"
"1834","B-NA_841_aligned_665_F_0_292_0"
"1835","B-MP_58_aligned_673_F_0_114_0"
"1836","B-PB2_1061_aligned_680_F_0_305_0"
"1837","B-MP_165_aligned_688_F_0_398_0"
"1838","B-PB1_1152_aligned_697_F_0_333_0"
"1839","B-PA_84_aligned_705_R_0_267_0"
"1840","B-PB2_1803_aligned_715_R_0_297_0"
"1841","B-PB1_1773_aligned_721_F_0_312_0"
"1842","B-MP_310_aligned_728_R_0_270_0"
"1843","B-NA_849_aligned_736_R_0_356_0"
"1844","B-PB2_1471_aligned_744_R_0_183_0"
"1845","B-HA_974_aligned_753_R_0_403_0"
"1846","B-NS_347_aligned_762_R_0_309_0"
"1847","B-HA_17_aligned_770_F_0_305_0"
"1848","B-PB1_162_aligned_780_R_0_179_0"
"1849","B-PA_176_aligned_790_R_0_346_0"
"1850","B-NA_944_aligned_797_F_0_346_0"
"1851","B-NA_713_aligned_805_R_0_164_0"
"1852","B-PB1_2074_aligned_815_R_0_134_0"
"1853","B-MP_133_aligned_823_R_0_370_0"
"1854","B-NP_1431_aligned_829_F_0_161_0"
"1855","B-PA_751_aligned_837_R_0_294_0"
"1856","B-NP_1269_aligned_845_R_0_265_0"
"1857","B-NS_411_aligned_852_F_0_233_0"
"1858","B-PA_292_aligned_860_R_0_133_0"
"1859","B-NA_279_aligned_868_F_0_332_0"
"1860","B-PB2_696_aligned_873_R_0_141_0"
"1861","B-PB2_1060_aligned_883_F_0_318_0"
"1862","B-PA_1766_aligned_891_F_0_201_0"
"1863","B-PB1_110_aligned_899_R_0_323_0"
"1864","B-PB1_1495_aligned_908_R_0_157_0"
"1865","B-PB1_916_aligned_916_F_0_398_0"
"1866","B-PB1_261_aligned_924_F_0_386_0"
"1867","B-PB1_888_aligned_930_F_0_125_0"
"1868","B-NS_710_aligned_937_F_0_155_0"
"1869","B-PB1_274_aligned_945_R_0_333_0"
"1870","B-PB1_652_aligned_953_F_0_406_0"
"1871","B-PB1_1791_aligned_960_F_0_265_0"
"1872","B-NP_234_aligned_970_R_0_328_0"
"1873","B-PB1_1111_aligned_978_R_0_298_0"
"1874","B-NP_866_aligned_985_R_0_238_0"
"1875","B-MP_717_aligned_993_F_0_306_0"
"1876","B-HA_904_aligned_1001_R_0_204_0"
"1877","B-NA_80_aligned_1009_F_0_156_0"
"1878","B-NP_1351_aligned_1015_R_0_126_0"
"1879","B-NP_1077_aligned_1023_F_0_314_0"
"1880","B-NP_1001_aligned_1031_R_0_277_0"
"1881","B-NP_480_aligned_1039_R_0_80_0"
"1882","B-PA_1375_aligned_1045_F_0_253_0"
"1883","B-NP_1110_aligned_1052_F_0_212_0"
"1884","B-PB2_262_aligned_1059_R_0_234_0"
"1885","B-PB2_2129_aligned_1067_R_0_108_0"
"1886","B-MP_837_aligned_1076_R_0_161_0"
"1887","B-HA_1485_aligned_1083_F_0_241_0"
"1888","B-PB2_1988_aligned_1090_R_0_177_0"
"1889","B-NP_1036_aligned_1098_F_0_219_0"
"1890","B-PB1_1343_aligned_1104_R_0_120_0"
"1891","B-PB1_1262_aligned_1112_F_0_161_0"
"1892","B-PB2_1195_aligned_1124_F_0_304_0"
"1893","B-MP_765_aligned_1132_F_0_197_0"
"1894","B-NP_613_aligned_1139_R_0_166_0"
"1895","B-HA_234_aligned_1148_F_0_251_0"
"1896","B-PB2_1451_aligned_1155_F_0_364_0"
"1897","B-NS_734_aligned_1163_R_0_74_0"
"1898","B-MP_195_aligned_1171_R_0_371_0"
"1899","B-PB2_376_aligned_1180_F_0_393_0"
"1900","B-HA_554_aligned_1189_F_0_239_0"
"1901","B-PB1_1582_aligned_1196_F_0_333_0"
"1902","B-NS_522_aligned_1204_F_0_392_0"
"1903","B-NP_883_aligned_1212_F_0_273_0"
"1904","B-HA_135_aligned_1220_R_0_301_0"
"1905","B-NA_815_aligned_1228_F_0_173_0"
"1906","B-PA_213_aligned_1236_F_0_325_0"
"1907","B-HA_104_aligned_1244_F_0_246_0"
"1908","B-PB1_454_aligned_1252_R_0_248_0"
"1909","B-HA_571_aligned_1260_F_0_263_0"
"1910","B-PA_455_aligned_1268_F_0_274_0"
"1911","B-PA_39_aligned_1276_R_0_159_0"
"1912","B-NP_856_aligned_1284_F_0_346_0"
"1913","B-PA_682_aligned_1292_R_0_128_0"
"1914","B-PB2_114_aligned_1300_R_0_283_0"
"1915","B-PA_142_aligned_1308_F_0_95_0"
"1916","B-HA_1140_aligned_1316_F_0_191_0"
"1917","B-NP_837_aligned_1324_F_0_140_0"
"1918","B-HA_114_aligned_1332_F_0_392_0"
"1919","B-NA_144_aligned_1340_R_0_306_0"
"1920","B-PB1_563_aligned_1348_F_0_197_0"
"1921","B-NA_1019_aligned_1356_R_0_165_0"
"1922","B-PB2_1627_aligned_1364_R_0_161_0"
"1923","B-PA_1468_aligned_1372_F_0_158_0"
"1924","B-NP_606_aligned_1380_R_0_204_0"
"1925","B-PB1_2059_aligned_1388_F_0_147_0"
"1926","B-PA_107_aligned_1396_F_0_178_0"
"1927","B-PB2_942_aligned_1404_R_0_223_0"
"1928","B-PB1_402_aligned_1410_R_0_213_0"
"1929","B-PA_830_aligned_1419_R_0_292_0"
"1930","B-PB1_891_aligned_1426_R_0_274_0"
"1931","B-PB2_216_aligned_1436_R_0_297_0"
"1932","B-PB1_233_aligned_1444_R_0_221_0"
"1933","B-NP_1218_aligned_1452_F_0_343_0"
"1934","B-NP_1120_aligned_1460_R_0_249_0"
"1935","B-PA_300_aligned_1467_F_0_238_0"
"1936","B-MP_85_aligned_1475_F_0_138_0"
"1937","B-MP_549_aligned_1483_R_0_193_0"
"1938","B-MP_69_aligned_1491_F_0_360_0"
"1939","B-HA_1600_aligned_1499_F_0_110_0"
"1940","B-PA_1106_aligned_1507_F_0_206_0"
"1941","B-MP_77_aligned_1515_R_0_378_0"
"1942","B-PB1_852_aligned_1523_F_0_199_0"
"1943","B-PA_1908_aligned_1531_F_0_109_0"
"1944","B-NS_506_aligned_1539_R_0_216_0"
"1945","B-PA_104_aligned_1547_F_0_375_0"
"1946","B-PA_1682_aligned_1555_R_0_155_0"
"1947","B-PB1_833_aligned_1562_R_0_165_0"
"1948","B-MP_3_aligned_1570_R_0_306_0"
"1949","B-MP_626_aligned_1579_R_0_363_0"
"1950","B-PB1_1991_aligned_1587_F_0_233_0"
"1951","B-NA_685_aligned_1594_F_0_279_0"
"1952","B-PB2_1594_aligned_1603_R_0_226_0"
"1953","B-HA_594_aligned_1611_R_0_348_0"
"1954","B-HA_1310_aligned_1619_R_0_166_0"
"1955","B-PB1_941_aligned_1627_F_0_102_0"
"1956","B-PB2_1424_aligned_1635_F_0_182_0"
"1957","B-HA_1174_aligned_1643_R_0_176_0"
"1958","B-PB2_570_aligned_1650_R_0_167_0"
"1959","B-PB2_1744_aligned_1657_F_0_169_0"
"1960","B-PB2_1266_aligned_1665_F_0_247_0"
"1961","B-PB2_1410_aligned_1673_R_0_260_0"
"1962","B-PA_1529_aligned_1680_F_0_230_0"
"1963","B-HA_1120_aligned_1687_F_0_187_0"
"1964","B-HA_1294_aligned_1695_R_0_376_0"
"1965","B-HA_1564_aligned_1703_F_0_133_0"
"1966","B-PB1_208_aligned_1710_R_0_324_0"
"1967","B-PA_1825_aligned_1719_F_0_132_0"
"1968","B-HA_1149_aligned_1726_R_0_294_0"
"1969","B-PB1_456_aligned_1733_R_0_238_0"
"1970","B-MP_1_aligned_1741_F_0_241_0"
"1971","B-PA_263_aligned_1748_R_0_352_0"
"1972","B-PB2_1335_aligned_1757_R_0_208_0"
"1973","B-MP_398_aligned_1764_F_0_408_0"
"1974","B-PB2_1599_aligned_1775_F_0_199_0"
"1975","B-PB2_806_aligned_1783_F_0_209_0"
"1976","B-NP_759_aligned_1790_F_0_327_0"
"1977","B-HA_572_aligned_1797_R_0_177_0"
"1978","B-MP_281_aligned_1804_F_0_227_0"
"1979","B-PB2_2158_aligned_1812_F_0_112_0"
"1980","B-PA_327_aligned_1819_R_0_248_0"
"1981","B-PA_110_aligned_1829_F_0_160_0"
"1982","B-PB2_2178_aligned_1836_F_0_135_0"
"1983","B-HA_1264_aligned_1845_F_0_292_0"
"1984","B-MP_430_aligned_1853_F_0_135_0"
"1985","B-PB2_809_aligned_1869_R_0_195_0"
"1986","B-NS_762_aligned_1874_R_0_178_0"
"1987","B-NP_301_aligned_1878_R_0_215_0"
"1988","B-PA_387_aligned_1882_R_0_165_0"
"1989","B-PB1_1345_aligned_1890_R_0_353_0"
"1990","B-PB2_1728_aligned_1897_R_0_300_0"
"1991","B-NP_543_aligned_1906_F_0_130_0"
"1992","B-PA_819_aligned_1915_R_0_330_0"
"1993","B-PB2_1625_aligned_1921_R_0_255_0"
"1994","B-PB2_245_aligned_1930_F_0_357_0"
"1995","B-PB2_637_aligned_1938_F_0_401_0"
"1996","B-HA_385_aligned_1946_R_0_331_0"
"1997","B-PB2_65_aligned_1953_R_0_235_0"
"1998","B-PA_1343_aligned_1961_F_0_301_0"
"1999","B-MP_799_aligned_1967_R_0_218_0"
"2000","B-PB2_819_aligned_1976_F_0_254_0"
